"","County","Days.with.AQI","Good.Days","Moderate.Days","Unhealthy.for.Sensitive.Groups.Days","Unhealthy.Days","Very.Unhealthy.Days","Hazardous.Days","Max.AQI","X90th.Percentile.AQI","Median.AQI","Days.CO","Days.NO2","Days.Ozone","Days.SO2","Days.PM2.5","Days.PM10"
"1","Baldwin County",271,237,34,0,0,0,0,80,52,37,0,0,220,0,51,0
"2","Clay County",107,97,10,0,0,0,0,67,50,30,0,0,0,0,107,0
"3","Colbert County",263,252,11,0,0,0,0,61,47,37,0,0,228,0,35,0
"4","DeKalb County",361,324,37,0,0,0,0,90,51,39,0,0,331,0,30,0
"5","Elmore County",228,208,20,0,0,0,0,100,50,39,0,0,228,0,0,0
"6","Etowah County",279,232,47,0,0,0,0,90,58,43,0,0,218,0,61,0
"7","Houston County",280,256,24,0,0,0,0,77,50,35,0,0,208,0,72,0
"8","Jefferson County",365,157,195,13,0,0,0,150,79,53,0,2,122,4,236,1
"9","Lawrence County",112,111,1,0,0,0,0,53,38,24,0,0,0,0,112,0
"10","Madison County",361,255,106,0,0,0,0,93,58,44,0,0,155,0,199,7
"11","Mobile County",364,258,106,0,0,0,0,80,60,42,0,0,105,16,243,0
"12","Montgomery County",365,171,193,1,0,0,0,122,67,52,0,0,50,0,314,1
"13","Morgan County",365,306,59,0,0,0,0,93,54,41,0,0,195,0,170,0
"14","Russell County",363,268,95,0,0,0,0,84,59,40,0,0,116,0,247,0
"15","Shelby County",359,308,44,7,0,0,0,119,58,34,0,0,232,127,0,0
"16","Sumter County",361,335,26,0,0,0,0,64,48,32,0,0,183,10,168,0
"17","Tuscaloosa County",264,240,24,0,0,0,0,87,50,35,0,0,188,0,76,0
"18","Aleutians East  Borough",121,121,0,0,0,0,0,47,22,10,0,0,0,0,121,0
"19","Anchorage  Borough",365,289,67,5,4,0,0,160,63,27,8,0,0,0,252,105
"20","Bethel  Borough",317,304,11,1,1,0,0,176,31,10,0,0,0,0,186,131
"21","Denali  Borough",360,356,4,0,0,0,0,80,44,36,0,0,351,0,9,0
"22","Fairbanks North Star  Borough",365,230,96,18,16,1,4,377,103,38,0,13,130,1,215,6
"23","Juneau  Borough",362,308,51,3,0,0,0,145,55,20,0,0,0,0,335,27
"24","Kenai Peninsula  Borough",118,115,2,1,0,0,0,140,21,8,0,0,0,0,118,0
"25","Matanuska-Susitna  Borough",361,295,63,3,0,0,0,127,63,19,0,0,0,0,291,70
"26","North Slope  Borough",110,109,1,0,0,0,0,65,11,5,0,0,0,0,110,0
"27","Apache County",359,358,1,0,0,0,0,59,20,10,0,0,0,0,36,323
"28","Cochise County",365,266,99,0,0,0,0,97,64,45,0,0,327,0,13,25
"29","Coconino County",365,289,76,0,0,0,0,80,61,45,0,0,356,0,9,0
"30","Gila County",365,145,164,50,6,0,0,187,110,60,0,0,254,104,0,7
"31","La Paz County",364,304,60,0,0,0,0,77,58,44,0,0,360,0,3,1
"32","Maricopa County",365,66,261,38,0,0,0,147,101,65,0,3,215,0,71,76
"33","Mohave County",365,358,7,0,0,0,0,69,27,14,0,0,0,0,28,337
"34","Navajo County",365,294,70,1,0,0,0,112,58,44,0,0,357,0,0,8
"35","Pima County",365,225,138,2,0,0,0,103,71,47,0,1,261,0,20,83
"36","Pinal County",365,123,209,21,2,3,7,886,100,63,0,0,168,0,36,161
"37","Santa Cruz County",362,280,80,2,0,0,0,120,63,31,0,0,0,0,245,117
"38","Yavapai County",357,299,58,0,0,0,0,87,54,43,0,0,355,0,2,0
"39","Yuma County",365,265,97,3,0,0,0,129,67,45,0,0,273,0,42,50
"40","Arkansas County",118,101,17,0,0,0,0,77,53,30,0,0,0,0,118,0
"41","Ashley County",120,103,17,0,0,0,0,67,53,33,0,0,0,0,120,0
"42","Benton County",146,120,26,0,0,0,0,83,56,35,0,0,0,0,146,0
"43","Clark County",355,347,8,0,0,0,0,67,46,32,0,0,355,0,0,0
"44","Craighead County",49,43,6,0,0,0,0,61,53,30,0,0,0,0,49,0
"45","Crittenden County",365,290,74,1,0,0,0,101,57,40,0,8,205,0,152,0
"46","Garland County",121,93,28,0,0,0,0,75,54,38,0,0,0,0,121,0
"47","Jackson County",117,102,15,0,0,0,0,74,54,34,0,0,0,0,117,0
"48","Newton County",365,347,18,0,0,0,0,90,47,36,0,0,358,0,7,0
"49","Polk County",361,312,48,1,0,0,0,119,54,39,0,0,314,0,47,0
"50","Pulaski County",365,235,130,0,0,0,0,79,61,45,0,2,146,0,217,0
"51","Union County",241,196,45,0,0,0,0,98,54,35,0,0,0,0,241,0
"52","Washington County",365,284,81,0,0,0,0,96,58,43,0,0,207,0,158,0
"53","Alameda County",365,260,97,8,0,0,0,150,63,41,0,28,175,0,162,0
"54","Amador County",355,308,45,2,0,0,0,115,51,39,0,0,355,0,0,0
"55","Butte County",365,224,136,3,2,0,0,173,67,46,0,0,231,0,133,1
"56","Calaveras County",360,299,60,1,0,0,0,108,58,42,0,0,322,0,35,3
"57","Colusa County",365,294,71,0,0,0,0,83,59,39,0,0,228,0,83,54
"58","Contra Costa County",365,292,69,4,0,0,0,129,61,40,0,4,244,0,116,1
"59","Del Norte County",248,236,12,0,0,0,0,71,43,20,0,0,0,0,248,0
"60","El Dorado County",365,273,86,6,0,0,0,122,74,43,0,0,355,0,1,9
"61","Fresno County",365,139,160,64,2,0,0,187,115,60,0,3,259,0,80,23
"62","Glenn County",362,302,60,0,0,0,0,86,55,40,0,0,277,0,68,17
"63","Humboldt County",363,353,10,0,0,0,0,65,40,27,2,1,272,0,50,38
"64","Imperial County",365,125,219,19,2,0,0,185,93,58,0,1,210,0,79,75
"65","Inyo County",365,232,121,6,2,1,3,638,84,47,0,0,319,0,14,32
"66","Kern County",365,119,151,87,6,1,1,548,122,67,0,2,260,0,73,30
"67","Kings County",365,152,172,37,2,0,2,507,105,56,0,0,190,0,103,72
"68","Lake County",360,360,0,0,0,0,0,50,41,31,0,0,356,0,3,1
"69","Los Angeles County",365,66,213,57,28,1,0,201,136,71,0,36,197,0,124,8
"70","Madera County",365,189,163,13,0,0,0,140,84,50,0,0,259,0,67,39
"71","Marin County",363,337,25,1,0,0,0,133,48,33,0,15,221,0,127,0
"72","Mariposa County",365,221,130,9,5,0,0,176,84,47,0,0,296,0,68,1
"73","Mendocino County",361,334,27,0,0,0,0,77,47,33,0,0,229,0,120,12
"74","Merced County",365,213,145,7,0,0,0,119,79,48,0,0,250,0,113,2
"75","Mono County",365,270,80,6,0,0,9,3852,81,27,0,0,0,0,305,60
"76","Monterey County",365,330,34,1,0,0,0,144,50,37,2,0,288,0,61,14
"77","Napa County",363,330,31,2,0,0,0,119,49,35,2,0,265,0,96,0
"78","Nevada County",361,273,83,5,0,0,0,122,71,44,0,0,326,0,35,0
"79","Orange County",365,216,133,15,1,0,0,172,87,48,0,13,262,0,83,7
"80","Placer County",365,239,117,9,0,0,0,136,77,45,0,2,284,0,77,2
"81","Plumas County",341,248,88,5,0,0,0,138,68,25,0,0,0,0,341,0
"82","Riverside County",365,75,170,91,29,0,0,185,147,77,0,0,247,0,70,48
"83","Sacramento County",365,213,142,10,0,0,0,140,84,46,0,1,240,0,116,8
"84","San Benito County",365,326,39,0,0,0,0,90,51,38,0,0,347,0,11,7
"85","San Bernardino County",365,55,177,71,54,8,0,213,169,80,0,16,246,0,96,7
"86","San Diego County",365,87,253,23,2,0,0,169,93,64,0,2,176,0,184,3
"87","San Francisco County",365,313,51,1,0,0,0,108,52,36,0,28,172,0,165,0
"88","San Joaquin County",365,231,122,11,1,0,0,190,80,44,0,3,236,0,109,17
"89","San Luis Obispo County",365,230,132,3,0,0,0,108,74,46,0,0,282,0,45,38
"90","San Mateo County",365,327,36,2,0,0,0,122,51,35,0,21,209,0,135,0
"91","Santa Barbara County",365,286,78,1,0,0,0,105,59,43,0,0,295,0,57,13
"92","Santa Clara County",365,271,90,4,0,0,0,136,66,41,0,7,218,0,139,1
"93","Santa Cruz County",365,347,18,0,0,0,0,70,46,35,0,0,262,0,103,0
"94","Shasta County",364,311,53,0,0,0,0,100,54,42,0,0,352,0,10,2
"95","Siskiyou County",365,332,29,2,2,0,0,161,49,36,0,0,262,0,103,0
"96","Solano County",365,290,74,1,0,0,0,119,59,40,0,2,225,0,138,0
"97","Sonoma County",365,348,17,0,0,0,0,87,44,33,0,3,258,0,94,10
"98","Stanislaus County",365,201,141,22,1,0,0,177,91,49,0,0,245,0,107,13
"99","Sutter County",365,239,124,2,0,0,0,110,71,44,0,0,249,0,109,7
"100","Tehama County",365,282,83,0,0,0,0,93,64,41,0,0,323,0,41,1
"101","Trinity County",269,246,21,2,0,0,0,113,49,18,0,0,0,0,269,0
"102","Tulare County",365,127,157,78,2,1,0,280,122,66,0,2,242,0,99,22
"103","Tuolumne County",358,273,83,2,0,0,0,108,67,43,0,0,358,0,0,0
"104","Ventura County",365,214,142,9,0,0,0,126,77,46,0,5,284,0,65,11
"105","Yolo County",365,284,80,1,0,0,0,136,61,41,0,1,279,0,82,3
"106","Adams County",365,223,141,1,0,0,0,132,64,47,0,48,150,0,87,80
"107","Alamosa County",107,107,0,0,0,0,0,21,17,9,0,0,0,0,107,0
"108","Arapahoe County",365,227,132,6,0,0,0,140,80,46,0,0,352,0,13,0
"109","Archuleta County",363,331,30,2,0,0,0,124,50,31,0,3,186,0,0,174
"110","Boulder County",365,227,133,5,0,0,0,119,74,47,0,0,269,0,96,0
"111","Clear Creek County",290,205,84,1,0,0,0,112,67,46,0,0,290,0,0,0
"112","Delta County",365,339,26,0,0,0,0,80,50,41,0,0,346,0,19,0
"113","Denver County",365,179,183,2,1,0,0,153,74,51,0,116,151,1,97,0
"114","Douglas County",361,236,114,10,1,0,0,154,77,46,0,0,304,0,57,0
"115","El Paso County",365,259,106,0,0,0,0,100,67,45,0,0,345,0,18,2
"116","Fremont County",32,32,0,0,0,0,0,29,23,13,0,0,0,0,0,32
"117","Garfield County",365,309,56,0,0,0,0,97,54,44,0,0,363,0,2,0
"118","Gilpin County",143,117,25,1,0,0,0,115,58,45,0,0,143,0,0,0
"119","Gunnison County",358,279,78,1,0,0,0,101,61,45,0,0,358,0,0,0
"120","Jackson County",102,102,0,0,0,0,0,25,13,6,0,0,0,0,102,0
"121","Jefferson County",365,238,111,16,0,0,0,129,87,46,0,2,363,0,0,0
"122","La Plata County",365,276,89,0,0,0,0,87,61,44,0,10,326,0,29,0
"123","Larimer County",365,208,151,6,0,0,0,129,77,48,0,0,337,0,28,0
"124","Mesa County",364,289,75,0,0,0,0,87,58,44,2,0,309,0,51,2
"125","Montezuma County",365,279,86,0,0,0,0,97,61,46,0,0,365,0,0,0
"126","Pitkin County",121,121,0,0,0,0,0,46,19,10,0,0,0,0,12,109
"127","Prowers County",346,343,3,0,0,0,0,76,28,14,0,0,0,0,0,346
"128","Pueblo County",126,125,1,0,0,0,0,68,31,20,0,0,0,0,75,51
"129","Rio Blanco County",365,311,54,0,0,0,0,100,54,44,0,0,321,0,44,0
"130","Routt County",356,353,2,1,0,0,0,137,27,13,0,0,0,0,0,356
"131","San Juan County",116,116,0,0,0,0,0,24,14,7,0,0,0,0,116,0
"132","San Miguel County",113,112,1,0,0,0,0,54,22,11,0,0,0,0,0,113
"133","Weld County",365,252,110,3,0,0,0,125,69,45,0,0,236,0,129,0
"134","Fairfield County",365,262,82,18,3,0,0,161,77,43,0,9,186,0,169,1
"135","Hartford County",365,301,59,5,0,0,0,122,55,39,0,26,240,0,98,1
"136","Litchfield County",365,342,23,0,0,0,0,97,48,37,0,0,339,0,26,0
"137","Middlesex County",205,175,23,6,1,0,0,154,61,41,0,0,205,0,0,0
"138","New Haven County",365,280,71,12,2,0,0,159,67,41,0,15,247,0,99,4
"139","New London County",364,323,34,7,0,0,0,129,52,37,0,0,200,0,164,0
"140","Tolland County",212,187,20,5,0,0,0,126,54,42,0,0,212,0,0,0
"141","Windham County",360,344,15,1,0,0,0,105,46,36,0,0,360,0,0,0
"142","Kent County",365,293,72,0,0,0,0,83,58,42,0,0,273,0,92,0
"143","New Castle County",365,259,103,3,0,0,0,136,68,43,0,7,253,0,105,0
"144","Sussex County",365,299,66,0,0,0,0,93,58,42,0,0,279,0,86,0
"145","District of Columbia County",365,242,118,4,1,0,0,157,71,44,0,32,221,0,112,0
"146","Alachua County",364,329,35,0,0,0,0,80,50,35,0,0,273,0,91,0
"147","Baker County",361,341,20,0,0,0,0,77,48,33,0,0,361,0,0,0
"148","Bay County",357,308,49,0,0,0,0,85,54,38,0,0,235,0,122,0
"149","Brevard County",351,336,15,0,0,0,0,90,46,36,0,0,306,0,45,0
"150","Broward County",363,303,60,0,0,0,0,90,54,40,2,9,165,0,187,0
"151","Citrus County",365,337,28,0,0,0,0,80,48,30,0,0,0,8,357,0
"152","Collier County",362,331,31,0,0,0,0,90,50,34,0,0,197,0,165,0
"153","Columbia County",363,294,69,0,0,0,0,90,58,38,0,0,207,0,156,0
"154","Duval County",361,248,112,1,0,0,0,114,64,43,0,0,174,0,187,0
"155","Escambia County",365,290,74,1,0,0,0,101,57,40,0,0,271,0,94,0
"156","Flagler County",270,265,5,0,0,0,0,74,45,34,0,0,270,0,0,0
"157","Hamilton County",349,313,36,0,0,0,0,79,51,31,0,0,0,33,316,0
"158","Highlands County",233,224,9,0,0,0,0,84,46,36,0,0,233,0,0,0
"159","Hillsborough County",365,281,78,6,0,0,0,132,64,42,0,0,211,4,150,0
"160","Holmes County",362,289,73,0,0,0,0,84,56,40,0,0,203,0,159,0
"161","Indian River County",335,324,11,0,0,0,0,90,47,36,0,0,335,0,0,0
"162","Lake County",330,301,28,1,0,0,0,101,50,35,0,0,330,0,0,0
"163","Lee County",365,328,36,1,0,0,0,108,51,36,0,0,251,0,110,4
"164","Leon County",360,275,84,1,0,0,0,119,58,38,0,0,168,0,192,0
"165","Liberty County",351,339,12,0,0,0,0,74,45,33,0,0,351,0,0,0
"166","Manatee County",365,333,30,2,0,0,0,108,49,36,0,0,365,0,0,0
"167","Marion County",365,311,54,0,0,0,0,87,54,38,0,0,236,0,129,0
"168","Martin County",352,323,29,0,0,0,0,84,49,35,0,0,235,0,117,0
"169","Miami-Dade County",363,317,44,2,0,0,0,146,52,38,1,23,150,0,188,1
"170","Nassau County",351,326,25,0,0,0,0,71,46,28,0,0,0,97,254,0
"171","Okaloosa County",363,335,28,0,0,0,0,84,48,36,0,0,342,0,0,21
"172","Orange County",360,321,39,0,0,0,0,93,51,36,1,1,300,0,58,0
"173","Osceola County",364,338,22,4,0,0,0,122,48,34,0,0,364,0,0,0
"174","Palm Beach County",357,320,37,0,0,0,0,93,51,35,0,0,215,0,140,2
"175","Pasco County",365,336,29,0,0,0,0,97,49,36,0,0,365,0,0,0
"176","Pinellas County",365,296,69,0,0,0,0,100,59,40,0,0,213,0,148,4
"177","Polk County",365,314,51,0,0,0,0,100,54,36,0,0,248,2,115,0
"178","Putnam County",352,347,5,0,0,0,0,54,29,17,0,0,0,6,0,346
"179","Santa Rosa County",364,307,57,0,0,0,0,93,57,39,0,0,241,0,123,0
"180","Sarasota County",365,323,42,0,0,0,0,100,52,37,0,0,246,0,119,0
"181","Seminole County",365,322,42,1,0,0,0,110,52,37,0,0,297,0,67,1
"182","St. Lucie County",352,342,10,0,0,0,0,77,46,34,0,0,352,0,0,0
"183","Volusia County",350,316,34,0,0,0,0,80,50,37,0,0,241,0,109,0
"184","Wakulla County",363,316,47,0,0,0,0,84,54,35,0,0,256,2,105,0
"185","Bibb County",365,278,84,3,0,0,0,137,61,38,0,0,158,3,204,0
"186","Charlton County",103,100,3,0,0,0,0,61,36,20,0,0,0,0,103,0
"187","Chatham County",365,295,70,0,0,0,0,87,56,39,0,0,146,58,161,0
"188","Chattooga County",244,231,13,0,0,0,0,71,48,40,0,0,244,0,0,0
"189","Clarke County",365,245,120,0,0,0,0,87,61,44,0,0,136,0,229,0
"190","Clayton County",119,98,21,0,0,0,0,70,54,36,0,0,0,0,119,0
"191","Cobb County",282,224,57,1,0,0,0,119,60,42,0,0,210,0,72,0
"192","Coffee County",121,107,14,0,0,0,0,66,52,26,0,0,0,0,121,0
"193","Columbia County",245,229,16,0,0,0,0,74,49,39,0,0,245,0,0,0
"194","Dawson County",244,225,18,1,0,0,0,126,48,37,0,0,244,0,0,0
"195","DeKalb County",365,251,110,3,1,0,0,159,64,44,0,34,156,0,175,0
"196","Dougherty County",356,236,118,2,0,0,0,107,63,40,0,0,0,0,356,0
"197","Douglas County",245,212,28,5,0,0,0,126,58,40,0,0,245,0,0,0
"198","Floyd County",365,217,148,0,0,0,0,89,62,44,0,0,0,5,360,0
"199","Fulton County",365,192,166,6,1,0,0,172,74,49,0,19,130,0,216,0
"200","Glynn County",279,254,25,0,0,0,0,80,50,36,0,0,224,0,55,0
"201","Gwinnett County",355,221,132,2,0,0,0,112,69,45,0,0,152,0,203,0
"202","Hall County",340,259,81,0,0,0,0,88,57,37,0,0,0,0,340,0
"203","Henry County",363,283,73,7,0,0,0,150,59,37,0,0,166,0,197,0
"204","Houston County",354,246,106,1,1,0,0,152,61,38,0,0,0,0,354,0
"205","Lowndes County",309,255,54,0,0,0,0,68,55,35,0,0,0,0,309,0
"206","Murray County",269,230,39,0,0,0,0,93,54,42,0,0,239,0,30,0
"207","Muscogee County",364,274,90,0,0,0,0,90,58,40,0,0,149,0,215,0
"208","Pike County",353,307,43,3,0,0,0,147,58,37,0,0,353,0,0,0
"209","Richmond County",364,231,131,2,0,0,0,101,64,45,0,0,127,16,203,18
"210","Rockdale County",241,186,50,5,0,0,0,129,67,43,0,0,241,0,0,0
"211","Sumter County",238,211,27,0,0,0,0,97,54,39,0,0,238,0,0,0
"212","Walker County",356,269,87,0,0,0,0,82,57,37,0,0,0,0,356,0
"213","Washington County",211,176,34,1,0,0,0,116,54,29,0,0,0,0,211,0
"214","Hawaii County",365,357,8,0,0,0,0,79,29,16,0,0,0,52,313,0
"215","Honolulu County",365,339,26,0,0,0,0,94,46,29,1,3,262,65,33,1
"216","Kauai County",365,363,2,0,0,0,0,71,27,13,0,144,0,3,218,0
"217","Maui County",362,347,11,3,1,0,0,166,30,15,0,0,0,0,362,0
"218","Ada County",365,317,48,0,0,0,0,100,53,38,0,8,240,0,112,5
"219","Bannock County",365,344,21,0,0,0,0,96,46,27,0,0,0,152,135,78
"220","Benewah County",364,242,111,9,2,0,0,154,74,37,0,0,0,0,364,0
"221","Blaine County",314,313,1,0,0,0,0,51,25,15,0,0,0,0,314,0
"222","Boise County",365,290,72,2,1,0,0,165,60,33,0,0,0,0,365,0
"223","Bonner County",365,316,48,1,0,0,0,115,55,21,0,0,0,0,272,93
"224","Bonneville County",357,342,15,0,0,0,0,63,43,29,0,0,0,0,357,0
"225","Butte County",361,348,13,0,0,0,0,71,48,40,0,0,359,0,2,0
"226","Canyon County",365,311,54,0,0,0,0,95,54,25,0,0,0,0,274,91
"227","Caribou County",330,326,2,2,0,0,0,108,24,6,0,0,0,330,0,0
"228","Custer County",96,96,0,0,0,0,0,38,17,6,0,0,0,0,96,0
"229","Franklin County",364,333,28,3,0,0,0,112,44,18,0,0,0,0,364,0
"230","Idaho County",365,297,68,0,0,0,0,88,55,40,0,0,214,0,151,0
"231","Jerome County",353,353,0,0,0,0,0,48,28,15,0,0,0,0,353,0
"232","Kootenai County",355,318,37,0,0,0,0,86,51,23,0,0,0,0,355,0
"233","Latah County",350,350,0,0,0,0,0,48,26,10,0,0,0,0,350,0
"234","Lemhi County",360,269,87,4,0,0,0,133,69,23,0,0,0,0,360,0
"235","Nez Perce County",360,309,51,0,0,0,0,89,56,24,0,0,0,0,360,0
"236","Shoshone County",365,260,102,3,0,0,0,117,72,29,0,0,0,0,353,12
"237","Twin Falls County",365,361,4,0,0,0,0,71,33,19,0,0,0,0,365,0
"238","Valley County",357,290,67,0,0,0,0,91,61,22,0,0,0,0,357,0
"239","Adams County",241,208,33,0,0,0,0,93,54,41,0,0,241,0,0,0
"240","Champaign County",365,281,84,0,0,0,0,100,61,42,0,0,235,0,130,0
"241","Clark County",327,314,13,0,0,0,0,74,47,34,0,0,327,0,0,0
"242","Cook County",365,150,206,9,0,0,0,133,76,53,0,26,91,0,238,10
"243","DuPage County",352,257,92,2,1,0,0,174,61,42,0,0,172,0,180,0
"244","Effingham County",245,224,21,0,0,0,0,84,50,40,0,0,245,0,0,0
"245","Hamilton County",344,269,74,1,0,0,0,105,58,43,0,0,198,0,146,0
"246","Jersey County",347,284,61,2,0,0,0,119,58,42,0,0,207,0,140,0
"247","Jo Daviess County",363,351,12,0,0,0,0,74,47,34,0,0,363,0,0,0
"248","Kane County",284,229,51,4,0,0,0,112,63,40,0,0,226,0,58,0
"249","La Salle County",335,334,1,0,0,0,0,60,4,0,0,0,0,335,0,0
"250","Lake County",245,210,33,2,0,0,0,115,58,40,0,0,245,0,0,0
"251","Macon County",365,255,110,0,0,0,0,93,61,44,0,0,148,30,187,0
"252","Macoupin County",365,348,17,0,0,0,0,87,47,33,0,101,245,19,0,0
"253","Madison County",365,192,170,1,2,0,0,156,71,49,0,0,186,2,174,3
"254","McHenry County",340,230,108,2,0,0,0,126,61,44,0,0,142,0,198,0
"255","McLean County",364,256,108,0,0,0,0,100,61,44,0,0,174,0,190,0
"256","Monroe County",286,286,0,0,0,0,0,33,6,1,0,0,0,286,0,0
"257","Peoria County",364,284,78,2,0,0,0,101,58,41,0,0,203,0,161,0
"258","Randolph County",324,264,60,0,0,0,0,97,54,40,0,0,209,0,115,0
"259","Rock Island County",361,281,78,2,0,0,0,115,59,42,0,0,186,0,175,0
"260","Saint Clair County",365,272,92,1,0,0,0,108,60,43,1,62,169,0,133,0
"261","Sangamon County",360,287,73,0,0,0,0,87,58,40,0,0,183,0,177,0
"262","Tazewell County",346,346,0,0,0,0,0,36,9,1,0,0,0,346,0,0
"263","Wabash County",364,361,3,0,0,0,0,82,10,1,0,0,0,364,0,0
"264","Will County",365,260,105,0,0,0,0,84,62,43,0,0,140,0,225,0
"265","Winnebago County",341,240,100,1,0,0,0,102,61,42,0,0,147,0,194,0
"266","Allen County",365,262,102,1,0,0,0,101,61,43,0,0,218,0,147,0
"267","Bartholomew County",364,298,66,0,0,0,0,77,54,41,0,0,268,0,96,0
"268","Boone County",351,320,31,0,0,0,0,90,50,35,0,0,351,0,0,0
"269","Brown County",365,349,16,0,0,0,0,74,47,35,0,0,365,0,0,0
"270","Carroll County",358,333,25,0,0,0,0,84,49,35,0,0,358,0,0,0
"271","Clark County",365,287,77,1,0,0,0,101,59,41,0,0,246,0,119,0
"272","Daviess County",350,350,0,0,0,0,0,19,7,1,0,0,0,350,0,0
"273","Delaware County",352,319,33,0,0,0,0,71,49,35,0,0,303,0,49,0
"274","Dubois County",120,102,18,0,0,0,0,70,54,33,0,0,0,0,119,1
"275","Elkhart County",365,294,71,0,0,0,0,81,55,37,0,0,231,0,134,0
"276","Floyd County",363,338,25,0,0,0,0,87,48,35,0,0,360,3,0,0
"277","Gibson County",359,355,4,0,0,0,0,84,17,3,0,0,0,359,0,0
"278","Greene County",355,318,37,0,0,0,0,87,51,39,0,0,315,0,40,0
"279","Hamilton County",365,268,95,2,0,0,0,119,61,41,0,0,217,0,148,0
"280","Hendricks County",361,348,13,0,0,0,0,93,47,34,0,0,361,0,0,0
"281","Henry County",119,106,13,0,0,0,0,63,52,28,0,0,0,0,119,0
"282","Howard County",361,289,71,1,0,0,0,108,58,40,0,0,238,0,123,0
"283","Huntington County",355,345,10,0,0,0,0,84,44,31,0,0,355,0,0,0
"284","Jackson County",360,340,20,0,0,0,0,80,47,35,0,0,360,0,0,0
"285","Knox County",359,328,31,0,0,0,0,87,50,36,0,0,359,0,0,0
"286","LaPorte County",364,305,55,4,0,0,0,126,61,37,0,0,331,0,33,0
"287","Lake County",365,225,139,1,0,0,0,101,70,45,0,3,149,5,204,4
"288","Madison County",365,286,78,1,0,0,0,101,58,41,0,0,226,0,139,0
"289","Marion County",365,153,208,4,0,0,0,112,72,53,0,0,110,0,255,0
"290","Monroe County",346,296,50,0,0,0,0,69,53,33,0,0,0,0,346,0
"291","Morgan County",364,341,23,0,0,0,0,87,48,35,0,0,358,6,0,0
"292","Perry County",358,322,36,0,0,0,0,80,51,37,0,0,358,0,0,0
"293","Pike County",227,227,0,0,0,0,0,46,6,1,0,0,0,227,0,0
"294","Porter County",365,264,93,8,0,0,0,122,64,41,0,0,204,27,118,16
"295","Posey County",364,341,23,0,0,0,0,80,49,35,0,0,364,0,0,0
"296","Shelby County",365,338,27,0,0,0,0,84,49,36,0,0,365,0,0,0
"297","Spencer County",117,101,16,0,0,0,0,73,53,31,0,0,0,0,117,0
"298","St. Joseph County",365,276,89,0,0,0,0,100,62,41,0,1,227,0,137,0
"299","Sullivan County",116,99,17,0,0,0,0,78,52,31,0,0,0,0,116,0
"300","Tippecanoe County",351,284,67,0,0,0,0,75,55,33,0,0,0,0,351,0
"301","Vanderburgh County",365,296,69,0,0,0,0,90,55,41,0,1,220,0,144,0
"302","Vigo County",365,238,126,1,0,0,0,102,64,45,0,0,184,0,181,0
"303","Wabash County",351,319,32,0,0,0,0,97,50,37,0,0,351,0,0,0
"304","Warrick County",365,337,28,0,0,0,0,93,50,36,0,0,365,0,0,0
"305","Whitley County",352,285,67,0,0,0,0,90,55,33,0,0,0,0,352,0
"306","Black Hawk County",363,296,67,0,0,0,0,83,58,31,0,0,0,0,363,0
"307","Bremer County",243,228,15,0,0,0,0,90,46,37,0,0,243,0,0,0
"308","Cerro Gordo County",118,118,0,0,0,0,0,38,27,15,0,0,0,0,0,118
"309","Clinton County",364,268,96,0,0,0,0,89,61,42,0,0,155,0,209,0
"310","Harrison County",241,222,19,0,0,0,0,97,50,38,0,0,241,0,0,0
"311","Johnson County",364,278,86,0,0,0,0,91,60,35,0,0,0,0,364,0
"312","Lee County",120,101,19,0,0,0,0,70,58,29,0,0,0,0,120,0
"313","Linn County",365,287,78,0,0,0,0,84,60,39,0,0,175,4,186,0
"314","Montgomery County",364,312,52,0,0,0,0,77,53,37,0,0,204,0,160,0
"315","Muscatine County",365,300,65,0,0,0,0,92,57,32,0,0,0,10,354,1
"316","Palo Alto County",364,305,59,0,0,0,0,93,55,38,0,0,187,0,177,0
"317","Polk County",365,306,59,0,0,0,0,100,55,39,0,3,246,0,116,0
"318","Pottawattamie County",130,111,19,0,0,0,0,70,53,29,0,0,0,0,112,18
"319","Scott County",365,222,141,2,0,0,0,112,67,45,0,0,125,0,154,86
"320","Van Buren County",361,310,51,0,0,0,0,97,54,37,0,1,192,0,167,1
"321","Woodbury County",118,105,13,0,0,0,0,81,52,28,0,0,0,0,118,0
"322","Chase County",118,112,5,1,0,0,0,113,38,20,0,0,0,0,118,0
"323","Ford County",304,301,3,0,0,0,0,54,31,15,0,0,0,0,0,304
"324","Johnson County",362,336,26,0,0,0,0,77,47,36,0,0,282,0,80,0
"325","Leavenworth County",362,347,15,0,0,0,0,97,45,33,0,0,362,0,0,0
"326","Neosho County",365,282,82,1,0,0,0,119,57,40,0,0,184,0,178,3
"327","Sedgwick County",365,313,52,0,0,0,0,97,54,39,0,9,297,0,55,4
"328","Shawnee County",365,294,70,0,1,0,0,158,58,41,0,0,191,0,174,0
"329","Sherman County",358,354,4,0,0,0,0,58,31,12,0,0,0,0,0,358
"330","Sumner County",365,317,48,0,0,0,0,97,54,39,0,4,274,0,77,10
"331","Trego County",364,342,22,0,0,0,0,99,48,36,0,0,298,0,65,1
"332","Wyandotte County",365,291,73,1,0,0,0,137,58,41,0,25,198,0,141,1
"333","Bell County",263,243,20,0,0,0,0,77,49,39,0,0,234,0,29,0
"334","Boone County",239,222,17,0,0,0,0,80,49,39,0,0,239,0,0,0
"335","Boyd County",365,313,52,0,0,0,0,74,53,39,0,11,192,0,160,2
"336","Bullitt County",243,214,29,0,0,0,0,93,51,41,0,0,243,0,0,0
"337","Campbell County",363,299,63,1,0,0,0,108,56,40,0,21,189,1,152,0
"338","Carter County",285,278,7,0,0,0,0,67,46,36,0,0,231,0,53,1
"339","Christian County",278,251,27,0,0,0,0,77,50,39,0,0,215,0,63,0
"340","Daviess County",364,282,81,1,0,0,0,101,60,43,0,1,192,4,167,0
"341","Edmonson County",365,290,75,0,0,0,0,77,56,41,0,0,231,0,134,0
"342","Fayette County",364,307,57,0,0,0,0,80,54,42,0,12,182,0,170,0
"343","Greenup County",362,357,5,0,0,0,0,58,44,31,0,0,242,120,0,0
"344","Hancock County",245,208,37,0,0,0,0,84,54,42,0,0,245,0,0,0
"345","Hardin County",363,318,45,0,0,0,0,71,53,39,0,0,182,0,181,0
"346","Henderson County",363,310,43,10,0,0,0,120,55,3,0,0,0,317,46,0
"347","Jefferson County",365,200,163,2,0,0,0,136,70,49,0,10,164,0,191,0
"348","Jessamine County",364,340,24,0,0,0,0,67,49,35,0,0,245,119,0,0
"349","Livingston County",261,237,24,0,0,0,0,77,50,41,0,0,242,0,0,19
"350","McCracken County",361,260,101,0,0,0,0,97,59,44,0,2,161,0,197,1
"351","Morgan County",356,341,15,0,0,0,0,80,47,36,0,0,356,0,0,0
"352","Oldham County",242,203,38,1,0,0,0,105,58,42,0,0,242,0,0,0
"353","Perry County",353,306,47,0,0,0,0,87,53,39,0,0,181,0,172,0
"354","Pike County",361,341,20,0,0,0,0,67,48,36,0,0,184,0,177,0
"355","Pulaski County",282,267,15,0,0,0,0,63,49,40,0,0,223,0,59,0
"356","Simpson County",244,222,22,0,0,0,0,67,50,40,0,0,244,0,0,0
"357","Trigg County",353,328,25,0,0,0,0,87,49,37,0,0,353,0,0,0
"358","Warren County",348,295,53,0,0,0,0,73,54,40,0,0,170,0,178,0
"359","Washington County",364,331,33,0,0,0,0,80,50,39,0,0,364,0,0,0
"360","Ascension Parish",361,319,41,1,0,0,0,101,54,33,0,7,354,0,0,0
"361","Bossier Parish",357,324,33,0,0,0,0,84,50,34,0,0,223,0,125,9
"362","Caddo Parish",356,296,60,0,0,0,0,80,55,37,0,0,278,0,78,0
"363","Calcasieu Parish",365,239,126,0,0,0,0,90,63,45,0,1,133,4,227,0
"364","East Baton Rouge Parish",365,260,103,2,0,0,0,108,68,42,0,8,177,1,179,0
"365","Iberville Parish",365,306,55,4,0,0,0,119,58,37,0,1,316,0,48,0
"366","Jefferson Parish",365,310,55,0,0,0,0,84,54,38,0,6,268,0,91,0
"367","Lafayette Parish",365,283,82,0,0,0,0,84,57,41,0,0,206,0,159,0
"368","Lafourche Parish",360,273,85,2,0,0,0,126,58,41,0,0,155,0,205,0
"369","Livingston Parish",365,279,86,0,0,0,0,97,60,41,0,0,180,0,185,0
"370","Orleans Parish",365,327,38,0,0,0,0,89,51,29,0,95,0,0,256,14
"371","Ouachita Parish",363,335,28,0,0,0,0,71,49,34,0,0,321,0,42,0
"372","Pointe Coupee Parish",351,322,26,3,0,0,0,112,49,33,0,0,351,0,0,0
"373","Rapides Parish",119,107,12,0,0,0,0,71,52,30,0,0,0,0,119,0
"374","St. Bernard Parish",365,251,112,2,0,0,0,112,60,44,0,0,148,16,201,0
"375","St. Charles Parish",362,350,12,0,0,0,0,90,26,3,0,0,0,362,0,0
"376","St. James Parish",365,350,15,0,0,0,0,97,46,28,0,0,359,6,0,0
"377","St. John the Baptist Parish",364,334,30,0,0,0,0,93,48,33,0,0,364,0,0,0
"378","St. Martin Parish",355,330,25,0,0,0,0,80,48,34,0,0,355,0,0,0
"379","St. Tammany Parish",363,306,57,0,0,0,0,84,56,37,0,0,236,0,127,0
"380","Tangipahoa Parish",117,104,13,0,0,0,0,64,52,30,0,0,0,0,117,0
"381","Terrebonne Parish",120,108,12,0,0,0,0,70,51,28,0,0,0,0,120,0
"382","West Baton Rouge Parish",365,289,76,0,0,0,0,100,59,39,0,10,162,1,192,0
"383","Androscoggin County",361,345,16,0,0,0,0,72,44,31,0,0,199,0,159,3
"384","Aroostook County",365,333,30,1,1,0,0,174,50,34,0,0,253,0,95,17
"385","Cumberland County",365,314,51,0,0,0,0,100,54,39,0,0,169,0,192,4
"386","Hancock County",365,347,17,1,0,0,0,105,48,36,2,0,343,0,19,1
"387","Kennebec County",361,356,5,0,0,0,0,67,44,28,0,129,211,0,21,0
"388","Knox County",213,204,9,0,0,0,0,84,47,36,0,0,213,0,0,0
"389","Oxford County",334,323,11,0,0,0,0,68,44,30,0,0,175,0,159,0
"390","Penobscot County",362,349,13,0,0,0,0,72,45,31,0,0,207,0,147,8
"391","Washington County",363,360,3,0,0,0,0,71,45,34,0,0,363,0,0,0
"392","York County",231,216,14,1,0,0,0,115,48,38,0,0,231,0,0,0
"393","Allegany County",365,332,21,11,1,0,0,152,43,1,0,0,0,365,0,0
"394","Anne Arundel County",355,270,78,7,0,0,0,143,67,41,0,0,242,95,0,18
"395","Baltimore County",365,263,93,9,0,0,0,150,71,43,0,20,266,1,78,0
"396","Baltimore (City)",363,268,89,6,0,0,0,126,62,42,0,29,197,0,137,0
"397","Calvert County",232,214,18,0,0,0,0,71,49,39,0,0,232,0,0,0
"398","Carroll County",241,205,35,1,0,0,0,101,54,43,0,0,241,0,0,0
"399","Cecil County",361,290,68,3,0,0,0,150,58,39,0,0,228,0,133,0
"400","Charles County",221,202,19,0,0,0,0,77,50,40,0,0,221,0,0,0
"401","Dorchester County",365,304,58,3,0,0,0,126,55,41,0,0,329,0,36,0
"402","Frederick County",243,198,44,1,0,0,0,112,58,44,0,0,243,0,0,0
"403","Garrett County",365,345,20,0,0,0,0,71,49,37,2,0,270,0,93,0
"404","Harford County",359,261,89,9,0,0,0,133,71,44,0,0,231,0,128,0
"405","Howard County",365,319,46,0,0,0,0,79,52,30,0,129,0,0,236,0
"406","Kent County",360,298,61,1,0,0,0,101,58,40,0,0,233,0,127,0
"407","Montgomery County",361,313,48,0,0,0,0,86,52,39,0,0,220,0,141,0
"408","Prince George's County",365,268,91,6,0,0,0,122,64,43,0,2,294,0,69,0
"409","Washington County",360,313,47,0,0,0,0,92,54,40,0,0,214,0,146,0
"410","Barnstable County",359,348,11,0,0,0,0,93,45,36,0,0,356,0,3,0
"411","Berkshire County",364,320,44,0,0,0,0,87,52,37,0,0,247,0,117,0
"412","Bristol County",364,323,41,0,0,0,0,97,51,40,0,0,296,0,68,0
"413","Dukes County",352,331,17,4,0,0,0,126,48,38,0,0,343,0,9,0
"414","Essex County",364,329,34,1,0,0,0,122,49,37,0,7,287,0,70,0
"415","Franklin County",364,326,38,0,0,0,0,87,51,37,0,0,251,0,113,0
"416","Hampden County",364,308,56,0,0,0,0,93,53,39,0,11,237,0,116,0
"417","Hampshire County",364,332,32,0,0,0,0,93,49,38,0,1,288,0,75,0
"418","Middlesex County",364,337,27,0,0,0,0,80,48,37,0,17,250,0,97,0
"419","Norfolk County",362,352,10,0,0,0,0,100,44,34,0,13,349,0,0,0
"420","Plymouth County",363,336,27,0,0,0,0,90,48,37,0,0,274,0,89,0
"421","Suffolk County",365,310,55,0,0,0,0,87,53,38,1,41,136,0,187,0
"422","Worcester County",365,314,51,0,0,0,0,93,54,40,1,12,221,0,131,0
"423","Allegan County",276,227,45,4,0,0,0,115,61,38,0,0,241,0,35,0
"424","Bay County",316,288,28,0,0,0,0,83,46,26,0,0,0,0,316,0
"425","Benzie County",247,232,15,0,0,0,0,93,46,36,0,0,247,0,0,0
"426","Berrien County",260,232,26,2,0,0,0,112,51,39,0,0,260,0,0,0
"427","Cass County",255,229,26,0,0,0,0,90,51,39,0,0,255,0,0,0
"428","Chippewa County",58,53,5,0,0,0,0,62,49,32,0,0,0,0,58,0
"429","Clinton County",248,243,5,0,0,0,0,67,46,35,0,0,248,0,0,0
"430","Genesee County",340,282,58,0,0,0,0,74,56,38,0,0,194,0,146,0
"431","Huron County",259,250,9,0,0,0,0,90,46,36,0,0,259,0,0,0
"432","Ingham County",365,331,34,0,0,0,0,75,49,35,0,9,233,0,123,0
"433","Kalamazoo County",362,312,50,0,0,0,0,85,54,38,0,0,200,0,162,0
"434","Kent County",365,310,55,0,0,0,0,90,54,36,3,0,257,0,101,4
"435","Keweenaw County",117,116,1,0,0,0,0,70,21,9,0,0,0,0,117,0
"436","Lenawee County",358,286,72,0,0,0,0,90,58,39,0,0,192,0,166,0
"437","Macomb County",292,251,40,1,0,0,0,101,54,38,0,0,244,0,48,0
"438","Manistee County",269,249,19,1,0,0,0,101,49,35,0,0,241,0,28,0
"439","Mason County",254,244,10,0,0,0,0,64,46,35,0,0,254,0,0,0
"440","Missaukee County",363,334,29,0,0,0,0,71,49,35,0,0,306,0,57,0
"441","Monroe County",359,355,4,0,0,0,0,76,16,1,0,0,0,299,0,60
"442","Muskegon County",262,236,25,1,0,0,0,133,50,38,0,0,262,0,0,0
"443","Oakland County",293,246,45,2,0,0,0,122,58,38,0,0,242,0,51,0
"444","Ottawa County",365,313,52,0,0,0,0,100,58,35,0,78,230,8,45,4
"445","Schoolcraft County",364,347,17,0,0,0,0,90,45,31,0,0,243,0,121,0
"446","St. Clair County",365,275,87,3,0,0,0,108,64,40,0,0,172,65,128,0
"447","Tuscola County",355,345,10,0,0,0,0,77,46,33,0,0,355,0,0,0
"448","Washtenaw County",365,294,71,0,0,0,0,88,58,39,0,0,243,0,122,0
"449","Wayne County",365,155,200,10,0,0,0,142,77,53,0,7,72,20,253,13
"450","Wexford County",340,322,18,0,0,0,0,74,46,34,0,0,340,0,0,0
"451","Anoka County",364,315,48,1,0,0,0,122,55,37,2,11,245,0,106,0
"452","Becker County",360,336,23,1,0,0,0,105,47,28,0,0,183,0,177,0
"453","Beltrami County",352,332,18,1,1,0,0,181,42,20,0,0,0,0,352,0
"454","Carlton County",356,346,10,0,0,0,0,80,44,27,0,0,218,0,138,0
"455","Cass County",350,332,17,1,0,0,0,125,33,13,0,0,0,0,350,0
"456","Cook County",334,325,9,0,0,0,0,78,30,17,0,0,0,0,334,0
"457","Crow Wing County",359,334,24,1,0,0,0,101,45,28,0,0,173,0,186,0
"458","Dakota County",365,306,59,0,0,0,0,89,56,28,0,71,0,1,293,0
"459","Goodhue County",216,203,13,0,0,0,0,97,48,37,0,0,216,0,0,0
"460","Hennepin County",365,245,120,0,0,0,0,94,62,42,0,12,58,0,175,120
"461","Lake County",363,343,20,0,0,0,0,81,44,27,0,0,151,0,174,38
"462","Lyon County",362,327,35,0,0,0,0,85,49,32,0,0,204,0,158,0
"463","Mille Lacs County",247,239,8,0,0,0,0,90,44,32,0,0,247,0,0,0
"464","Olmsted County",364,313,51,0,0,0,0,84,55,36,0,0,195,0,169,0
"465","Ramsey County",365,296,69,0,0,0,0,90,59,30,0,0,0,0,327,38
"466","Saint Louis County",365,327,37,1,0,0,0,101,51,34,0,0,253,0,100,12
"467","Scott County",365,314,51,0,0,0,0,93,52,36,0,0,247,0,118,0
"468","Stearns County",344,313,31,0,0,0,0,93,49,32,0,0,211,0,133,0
"469","Washington County",363,313,48,1,1,0,0,200,55,30,0,0,169,106,81,7
"470","Winona County",115,108,7,0,0,0,0,61,40,15,0,0,0,0,115,0
"471","Wright County",362,322,40,0,0,0,0,90,54,34,0,0,206,0,156,0
"472","Bolivar County",364,270,94,0,0,0,0,96,62,43,0,0,138,0,226,0
"473","DeSoto County",364,296,67,1,0,0,0,136,55,39,0,0,154,0,210,0
"474","Forrest County",358,298,60,0,0,0,0,75,55,35,0,0,0,0,358,0
"475","Hancock County",365,316,49,0,0,0,0,80,54,37,0,0,184,0,181,0
"476","Harrison County",363,284,79,0,0,0,0,97,59,41,0,0,136,0,227,0
"477","Hinds County",365,256,109,0,0,0,0,100,63,44,0,0,143,0,222,0
"478","Jackson County",365,289,75,1,0,0,0,105,58,39,0,1,155,0,209,0
"479","Lauderdale County",245,229,16,0,0,0,0,77,49,36,0,0,245,0,0,0
"480","Lee County",241,222,19,0,0,0,0,84,49,39,0,0,241,0,0,0
"481","Yalobusha County",348,334,14,0,0,0,0,71,45,33,0,0,348,0,0,0
"482","Andrew County",245,227,18,0,0,0,0,80,49,40,0,0,245,0,0,0
"483","Boone County",245,239,6,0,0,0,0,71,46,38,0,0,245,0,0,0
"484","Buchanan County",365,295,70,0,0,0,0,82,57,33,0,0,0,0,278,87
"485","Callaway County",245,238,7,0,0,0,0,71,47,39,0,0,245,0,0,0
"486","Cass County",365,319,46,0,0,0,0,93,51,37,0,0,213,0,152,0
"487","Cedar County",351,285,66,0,0,0,0,80,56,39,0,0,162,0,189,0
"488","Clay County",365,295,70,0,0,0,0,90,59,40,0,0,225,0,140,0
"489","Clinton County",245,213,32,0,0,0,0,87,54,42,0,0,245,0,0,0
"490","Franklin County",364,361,3,0,0,0,0,64,14,1,0,0,0,364,0,0
"491","Greene County",365,322,43,0,0,0,0,77,51,39,0,0,197,0,154,14
"492","Iron County",365,338,27,0,0,0,0,99,44,17,0,0,0,365,0,0
"493","Jackson County",365,265,100,0,0,0,0,93,60,38,0,46,0,0,265,54
"494","Jasper County",365,324,40,1,0,0,0,108,51,37,0,0,220,0,0,145
"495","Jefferson County",365,292,71,2,0,0,0,105,58,39,0,0,210,11,128,16
"496","Lincoln County",245,223,22,0,0,0,0,100,50,40,0,0,245,0,0,0
"497","Monroe County",365,357,8,0,0,0,0,71,45,35,0,0,365,0,0,0
"498","New Madrid County",365,49,50,145,121,0,0,200,187,131,0,0,0,365,0,0
"499","Perry County",245,224,21,0,0,0,0,87,50,40,0,0,245,0,0,0
"500","Saint Charles County",365,319,41,4,1,0,0,151,54,36,0,0,241,124,0,0
"501","Saint Louis County",365,264,98,3,0,0,0,143,65,43,0,8,180,0,177,0
"502","Sainte Genevieve County",244,229,15,0,0,0,0,87,49,38,0,0,244,0,0,0
"503","St. Louis City",365,215,145,5,0,0,0,129,70,47,0,10,152,0,189,14
"504","Stoddard County",107,103,4,0,0,0,0,56,43,23,0,0,0,0,107,0
"505","Taney County",120,117,3,0,0,0,0,54,35,20,0,0,0,0,120,0
"506","Cascade County",363,350,12,1,0,0,0,106,38,21,0,0,0,0,363,0
"507","Fergus County",365,348,17,0,0,0,0,84,47,37,0,0,335,0,28,2
"508","Flathead County",365,302,62,1,0,0,0,103,58,37,0,0,233,0,103,29
"509","Gallatin County",365,337,28,0,0,0,0,91,47,25,4,22,0,0,339,0
"510","Lake County",93,93,0,0,0,0,0,43,19,8,0,0,0,0,93,0
"511","Lewis and Clark County",365,288,75,2,0,0,0,144,64,40,0,0,252,0,113,0
"512","Lincoln County",364,222,141,1,0,0,0,102,72,36,0,0,0,0,353,11
"513","Missoula County",365,224,137,3,1,0,0,152,76,40,0,0,2,0,362,1
"514","Phillips County",365,356,9,0,0,0,0,71,44,34,0,0,332,0,31,2
"515","Powder River County",361,329,31,1,0,0,0,145,50,38,0,0,309,0,39,13
"516","Powell County",109,106,3,0,0,0,0,81,25,9,0,0,0,0,109,0
"517","Ravalli County",364,329,35,0,0,0,0,74,48,14,0,0,0,0,364,0
"518","Richland County",365,339,26,0,0,0,0,93,48,37,0,0,307,0,51,7
"519","Roosevelt County",93,93,0,0,0,0,0,45,22,10,0,0,0,0,93,0
"520","Rosebud County",364,351,13,0,0,0,0,71,47,36,0,3,316,0,41,4
"521","Sanders County",365,330,35,0,0,0,0,94,50,25,0,0,0,0,346,19
"522","Sheridan County",104,103,1,0,0,0,0,51,27,12,0,0,0,0,104,0
"523","Silver Bow County",363,319,44,0,0,0,0,91,55,20,0,0,0,0,191,172
"524","Yellowstone County",362,357,4,0,1,0,0,157,34,21,0,0,0,77,285,0
"525","Cass County",348,348,0,0,0,0,0,46,26,13,0,0,0,0,0,348
"526","Douglas County",365,312,53,0,0,0,0,86,56,38,0,0,214,14,128,9
"527","Hall County",97,92,5,0,0,0,0,60,38,19,0,0,0,0,97,0
"528","Knox County",355,342,13,0,0,0,0,80,46,35,0,0,355,0,0,0
"529","Lancaster County",360,338,22,0,0,0,0,66,46,31,0,0,229,76,55,0
"530","Sarpy County",350,298,52,0,0,0,0,80,55,29,0,0,0,0,350,0
"531","Scotts Bluff County",113,110,3,0,0,0,0,70,34,19,0,0,0,0,113,0
"532","Thomas County",109,106,3,0,0,0,0,57,26,12,0,0,0,0,109,0
"533","Washington County",116,107,9,0,0,0,0,75,48,25,0,0,0,0,116,0
"534","Carson City",365,308,57,0,0,0,0,97,58,41,0,0,300,0,65,0
"535","Churchill County",353,323,30,0,0,0,0,80,50,41,0,0,353,0,0,0
"536","Clark County",365,154,206,5,0,0,0,122,87,54,1,20,252,0,84,8
"537","Douglas County",356,346,10,0,0,0,0,62,40,13,0,0,0,0,356,0
"538","Elko County",365,363,2,0,0,0,0,61,27,14,0,0,0,0,12,353
"539","Lyon County",356,344,12,0,0,0,0,71,47,38,0,0,346,0,0,10
"540","Nye County",365,352,12,1,0,0,0,146,31,15,0,0,0,0,0,365
"541","Washoe County",365,244,121,0,0,0,0,97,64,46,0,4,294,0,62,5
"542","White Pine County",362,294,67,1,0,0,0,101,61,44,0,0,361,0,1,0
"543","Belknap County",316,308,8,0,0,0,0,74,44,31,0,0,181,0,135,0
"544","Cheshire County",365,348,17,0,0,0,0,79,45,34,0,0,303,0,62,0
"545","Coos County",324,314,10,0,0,0,0,64,47,40,0,0,304,0,20,0
"546","Grafton County",365,352,13,0,0,0,0,60,44,33,0,0,311,0,54,0
"547","Hillsborough County",365,353,12,0,0,0,0,80,46,37,0,0,356,0,9,0
"548","Merrimack County",365,360,5,0,0,0,0,72,43,27,0,0,209,156,0,0
"549","Rockingham County",365,343,21,1,0,0,0,112,47,37,0,0,316,0,49,0
"550","Atlantic County",365,328,36,1,0,0,0,105,51,37,0,0,262,0,103,0
"551","Bergen County",365,228,132,5,0,0,0,150,71,44,0,58,96,0,211,0
"552","Camden County",365,240,120,5,0,0,0,126,67,44,0,19,202,0,144,0
"553","Cumberland County",361,297,61,3,0,0,0,105,58,40,0,2,268,0,91,0
"554","Essex County",365,265,100,0,0,0,0,100,62,41,0,85,160,0,120,0
"555","Gloucester County",280,242,37,1,0,0,0,133,54,37,0,0,226,0,54,0
"556","Hudson County",365,268,97,0,0,0,0,92,61,41,0,105,136,0,124,0
"557","Hunterdon County",362,295,66,1,0,0,0,108,58,39,0,0,271,0,91,0
"558","Mercer County",365,280,83,2,0,0,0,136,61,41,0,0,266,0,99,0
"559","Middlesex County",362,285,74,3,0,0,0,115,61,40,0,20,247,0,95,0
"560","Monmouth County",240,217,23,0,0,0,0,100,50,37,0,0,240,0,0,0
"561","Morris County",364,336,28,0,0,0,0,87,50,36,0,11,335,0,18,0
"562","Ocean County",349,291,56,2,0,0,0,150,58,38,0,0,218,0,131,0
"563","Passaic County",277,242,34,1,0,0,0,122,54,39,0,0,224,0,53,0
"564","Union County",365,258,107,0,0,0,0,100,59,42,0,109,0,0,256,0
"565","Warren County",364,320,43,1,0,0,0,103,52,35,0,47,197,0,120,0
"566","Bernalillo County",365,164,197,4,0,0,0,108,77,51,0,1,248,0,67,49
"567","Catron County",111,111,0,0,0,0,0,32,18,9,0,0,0,0,111,0
"568","Chaves County",118,117,1,0,0,0,0,52,32,16,0,0,0,0,118,0
"569","Dona Ana County",365,170,171,17,3,2,2,630,87,51,0,8,263,0,23,71
"570","Eddy County",365,212,134,17,2,0,0,174,90,47,0,1,363,0,1,0
"571","Lea County",365,252,109,4,0,0,0,140,71,45,0,4,309,0,52,0
"572","Lincoln County",107,107,0,0,0,0,0,31,21,10,0,0,0,0,107,0
"573","Los Alamos County",117,117,0,0,0,0,0,32,15,9,0,0,0,0,117,0
"574","Luna County",361,349,10,1,0,0,1,617,29,12,0,0,0,0,0,361
"575","Rio Arriba County",358,315,43,0,0,0,0,90,54,43,0,0,354,0,4,0
"576","San Juan County",365,208,157,0,0,0,0,97,90,49,0,3,362,0,0,0
"577","Sandoval County",363,276,87,0,0,0,0,97,61,44,0,0,356,0,5,2
"578","Santa Fe County",362,274,87,1,0,0,0,101,67,44,0,0,352,0,10,0
"579","Socorro County",92,92,0,0,0,0,0,31,19,10,0,0,0,0,92,0
"580","Taos County",358,334,24,0,0,0,0,70,42,15,0,0,0,0,358,0
"581","Valencia County",357,270,87,0,0,0,0,93,67,44,0,0,357,0,0,0
"582","Albany County",365,322,43,0,0,0,0,92,53,37,0,0,242,0,123,0
"583","Bronx County",365,280,82,3,0,0,0,115,63,40,0,66,164,0,135,0
"584","Chautauqua County",365,337,27,1,0,0,0,105,49,37,0,0,320,22,23,0
"585","Dutchess County",365,353,12,0,0,0,0,90,45,33,0,0,331,34,0,0
"586","Erie County",365,310,55,0,0,0,0,93,54,38,0,27,221,0,117,0
"587","Essex County",365,332,33,0,0,0,0,80,50,42,0,0,362,1,2,0
"588","Franklin County",356,356,0,0,0,0,0,1,0,0,0,0,0,356,0,0
"589","Hamilton County",360,358,2,0,0,0,0,54,44,34,0,0,323,37,0,0
"590","Herkimer County",222,222,0,0,0,0,0,45,36,27,0,0,185,37,0,0
"591","Jefferson County",205,198,7,0,0,0,0,64,46,35,0,0,205,0,0,0
"592","Kings County",365,335,30,0,0,0,0,75,46,27,0,0,0,0,365,0
"593","Monroe County",365,321,44,0,0,0,0,90,52,36,0,3,235,0,127,0
"594","Nassau County",363,344,19,0,0,0,0,68,42,22,0,0,0,14,349,0
"595","New York County",365,293,70,2,0,0,0,136,58,39,0,0,184,0,181,0
"596","Niagara County",352,339,13,0,0,0,0,80,44,35,0,0,352,0,0,0
"597","Oneida County",355,345,10,0,0,0,0,60,35,18,0,0,0,0,355,0
"598","Onondaga County",365,337,28,0,0,0,0,77,49,37,0,0,281,0,84,0
"599","Orange County",365,343,22,0,0,0,0,74,47,36,0,0,275,0,90,0
"600","Oswego County",321,316,5,0,0,0,0,67,45,34,0,0,321,0,0,0
"601","Putnam County",364,348,15,1,0,0,0,101,46,34,0,0,329,35,0,0
"602","Queens County",365,292,69,4,0,0,0,119,58,40,0,85,189,0,91,0
"603","Richmond County",365,314,51,0,0,0,0,97,55,37,0,0,224,0,141,0
"604","Rockland County",365,335,29,1,0,0,0,112,49,36,0,0,296,0,69,0
"605","Saratoga County",331,328,3,0,0,0,0,58,44,33,0,0,331,0,0,0
"606","Seneca County",360,360,0,0,0,0,0,6,1,0,0,0,0,360,0,0
"607","St. Lawrence County",365,279,76,10,0,0,0,105,80,17,0,0,0,365,0,0
"608","Steuben County",365,349,16,0,0,0,0,65,47,35,0,0,292,0,73,0
"609","Suffolk County",365,300,56,9,0,0,0,150,61,40,0,0,295,1,69,0
"610","Tompkins County",365,358,7,0,0,0,0,61,45,34,0,0,353,12,0,0
"611","Wayne County",268,253,15,0,0,0,0,90,47,35,0,0,268,0,0,0
"612","Westchester County",365,330,34,1,0,0,0,105,50,36,0,0,292,0,73,0
"613","Alexander County",305,274,31,0,0,0,0,80,51,39,0,0,245,0,0,60
"614","Avery County",363,335,28,0,0,0,0,77,49,40,0,0,361,0,2,0
"615","Beaufort County",352,352,0,0,0,0,0,39,6,0,0,0,0,352,0,0
"616","Brunswick County",351,325,24,2,0,0,0,119,46,0,0,0,0,351,0,0
"617","Buncombe County",365,328,37,0,0,0,0,84,51,38,0,0,197,7,161,0
"618","Caldwell County",304,275,29,0,0,0,0,74,50,39,0,0,243,61,0,0
"619","Carteret County",259,239,20,0,0,0,0,80,50,37,0,0,259,0,0,0
"620","Caswell County",245,236,9,0,0,0,0,64,47,39,0,0,245,0,0,0
"621","Catawba County",361,298,63,0,0,0,0,71,54,33,0,0,0,0,361,0
"622","Cumberland County",363,282,81,0,0,0,0,84,58,41,0,0,206,0,153,4
"623","Davidson County",350,272,78,0,0,0,0,91,56,35,0,0,0,0,350,0
"624","Durham County",364,293,71,0,0,0,0,87,56,42,0,0,203,0,161,0
"625","Edgecombe County",363,325,38,0,0,0,0,71,51,36,0,0,200,0,163,0
"626","Forsyth County",365,236,129,0,0,0,0,97,64,45,0,12,180,0,173,0
"627","Graham County",245,191,54,0,0,0,0,97,61,44,0,0,245,0,0,0
"628","Granville County",240,195,45,0,0,0,0,87,64,44,0,0,240,0,0,0
"629","Guilford County",365,293,72,0,0,0,0,90,61,42,0,0,222,0,117,26
"630","Haywood County",364,296,66,2,0,0,0,108,61,43,0,0,244,102,18,0
"631","Hyde County",102,100,2,0,0,0,0,59,31,18,0,0,0,0,102,0
"632","Jackson County",103,100,3,0,0,0,0,62,45,26,0,0,0,0,103,0
"633","Johnston County",363,294,69,0,0,0,0,87,55,40,0,0,166,0,197,0
"634","Lenoir County",237,205,32,0,0,0,0,87,54,42,0,0,237,0,0,0
"635","Lincoln County",243,178,65,0,0,0,0,97,64,44,0,0,243,0,0,0
"636","Macon County",358,343,15,0,0,0,0,87,46,33,0,0,358,0,0,0
"637","Martin County",356,322,34,0,0,0,0,74,50,36,0,0,237,61,0,58
"638","Mecklenburg County",365,234,121,10,0,0,0,136,71,45,0,2,217,0,146,0
"639","Mitchell County",333,325,8,0,0,0,0,59,40,22,0,0,0,0,333,0
"640","Montgomery County",365,308,57,0,0,0,0,71,53,39,0,0,248,0,117,0
"641","New Hanover County",348,319,29,0,0,0,0,80,50,34,0,0,222,0,126,0
"642","Northampton County",153,138,15,0,0,0,0,71,49,32,0,11,0,0,142,0
"643","Person County",362,314,48,0,0,0,0,92,51,39,0,0,240,122,0,0
"644","Pitt County",352,308,44,0,0,0,0,87,52,38,0,0,208,0,144,0
"645","Rockingham County",245,207,38,0,0,0,0,84,58,44,0,0,245,0,0,0
"646","Rowan County",365,289,76,0,0,0,0,100,64,43,0,0,325,0,40,0
"647","Swain County",362,323,39,0,0,0,0,90,51,37,0,0,182,0,180,0
"648","Union County",235,175,57,3,0,0,0,105,64,45,0,0,235,0,0,0
"649","Wake County",365,245,120,0,0,0,0,93,61,46,1,1,175,0,188,0
"650","Yancey County",244,191,53,0,0,0,0,87,64,45,0,0,244,0,0,0
"651","Billings County",365,354,11,0,0,0,0,84,45,33,0,0,327,0,38,0
"652","Burke County",365,354,11,0,0,0,0,67,45,32,0,1,324,3,36,1
"653","Burleigh County",365,331,34,0,0,0,0,90,49,31,0,10,212,0,135,8
"654","Cass County",363,327,34,1,1,0,0,156,50,33,0,9,264,0,88,2
"655","Dunn County",365,348,17,0,0,0,0,87,46,34,0,0,339,0,26,0
"656","McKenzie County",365,353,12,0,0,0,0,77,46,34,0,1,338,0,25,1
"657","Mercer County",365,341,24,0,0,0,0,71,48,35,0,0,270,6,89,0
"658","Oliver County",365,339,26,0,0,0,0,84,48,34,0,0,342,0,23,0
"659","Ward County",364,347,17,0,0,0,0,87,44,29,0,7,262,0,91,4
"660","Williams County",365,309,53,3,0,0,0,128,56,34,0,0,253,56,55,1
"661","Adams County",365,361,4,0,0,0,0,61,36,20,0,0,0,41,324,0
"662","Allen County",364,303,61,0,0,0,0,97,56,39,0,0,214,32,118,0
"663","Ashtabula County",358,334,23,1,0,0,0,112,47,34,0,0,245,113,0,0
"664","Athens County",120,116,4,0,0,0,0,56,43,25,0,0,0,0,120,0
"665","Belmont County",365,349,16,0,0,0,0,66,38,15,14,251,0,1,90,9
"666","Butler County",365,247,105,13,0,0,0,147,78,44,0,0,275,27,58,5
"667","Clark County",365,220,143,2,0,0,0,105,64,45,0,0,157,3,205,0
"668","Clermont County",358,287,67,4,0,0,0,140,58,40,0,0,213,0,145,0
"669","Clinton County",244,203,41,0,0,0,0,100,58,43,0,0,244,0,0,0
"670","Columbiana County",350,350,0,0,0,0,0,26,11,1,0,0,0,288,0,62
"671","Cuyahoga County",365,188,173,4,0,0,0,108,70,50,0,3,133,2,214,13
"672","Delaware County",241,214,27,0,0,0,0,84,51,41,0,0,241,0,0,0
"673","Fayette County",355,332,23,0,0,0,0,74,48,38,0,0,355,0,0,0
"674","Franklin County",365,244,120,1,0,0,0,101,65,46,0,5,174,0,185,1
"675","Gallia County",365,337,26,2,0,0,0,117,46,6,0,0,0,365,0,0
"676","Geauga County",230,189,39,2,0,0,0,119,61,42,0,0,230,0,0,0
"677","Greene County",243,213,30,0,0,0,0,90,54,41,0,0,243,0,0,0
"678","Hamilton County",365,162,197,6,0,0,0,119,77,52,0,7,152,0,206,0
"679","Harrison County",293,290,3,0,0,0,0,59,30,2,236,0,0,0,55,2
"680","Jefferson County",365,232,131,2,0,0,0,123,63,45,0,0,119,7,239,0
"681","Knox County",245,218,27,0,0,0,0,93,51,41,0,0,245,0,0,0
"682","Lake County",365,317,43,5,0,0,0,115,54,37,0,0,231,1,133,0
"683","Lawrence County",365,328,37,0,0,0,0,77,51,39,0,0,197,0,168,0
"684","Licking County",245,223,22,0,0,0,0,80,50,41,0,0,245,0,0,0
"685","Lorain County",362,313,49,0,0,0,0,72,52,38,0,0,204,0,158,0
"686","Lucas County",365,293,71,1,0,0,0,143,61,40,0,0,200,15,150,0
"687","Madison County",245,209,36,0,0,0,0,93,54,42,0,0,245,0,0,0
"688","Mahoning County",365,308,57,0,0,0,0,84,54,39,0,0,177,5,183,0
"689","Medina County",353,304,49,0,0,0,0,78,53,38,0,0,163,0,190,0
"690","Miami County",241,226,15,0,0,0,0,77,49,40,0,0,241,0,0,0
"691","Montgomery County",365,229,136,0,0,0,0,94,64,45,0,0,168,0,195,2
"692","Morgan County",351,351,0,0,0,0,0,29,10,1,0,0,0,351,0,0
"693","Noble County",361,336,25,0,0,0,0,87,49,37,0,0,341,0,20,0
"694","Portage County",270,252,18,0,0,0,0,87,49,37,0,0,214,0,56,0
"695","Preble County",364,266,98,0,0,0,0,93,60,43,0,0,219,0,145,0
"696","Scioto County",365,356,9,0,0,0,0,78,37,14,0,0,0,52,103,210
"697","Stark County",365,226,139,0,0,0,0,100,67,46,0,0,164,0,201,0
"698","Summit County",365,279,83,3,0,0,0,115,61,42,0,0,170,2,193,0
"699","Trumbull County",362,295,67,0,0,0,0,100,58,40,0,0,208,0,154,0
"700","Warren County",360,284,73,3,0,0,0,122,63,43,0,0,199,0,161,0
"701","Washington County",245,219,26,0,0,0,0,87,51,41,0,0,245,0,0,0
"702","Wood County",244,225,19,0,0,0,0,87,49,38,0,0,244,0,0,0
"703","Adair County",365,338,27,0,0,0,0,86,49,37,1,0,262,0,98,4
"704","Canadian County",355,306,48,1,0,0,0,105,54,37,0,0,355,0,0,0
"705","Carter County",365,285,80,0,0,0,0,97,58,43,0,0,218,0,147,0
"706","Choctaw County",252,238,14,0,0,0,0,90,47,37,0,0,252,0,0,0
"707","Cleveland County",365,231,134,0,0,0,0,90,64,45,0,0,192,0,173,0
"708","Comanche County",365,285,80,0,0,0,0,97,62,43,0,0,224,0,141,0
"709","Creek County",356,331,24,1,0,0,0,101,48,36,0,0,356,0,0,0
"710","Custer County",236,235,1,0,0,0,0,58,26,14,0,0,0,0,0,236
"711","Dewey County",365,293,72,0,0,0,0,93,58,42,0,0,240,0,125,0
"712","Garfield County",345,339,6,0,0,0,0,74,13,0,0,0,0,345,0,0
"713","Grant County",27,27,0,0,0,0,0,32,31,16,0,0,0,0,27,0
"714","Johnston County",141,128,13,0,0,0,0,67,50,40,0,0,141,0,0,0
"715","Kay County",365,292,72,1,0,0,0,106,57,40,0,0,139,4,222,0
"716","Le Flore County",38,35,3,0,0,0,0,79,48,28,0,0,0,0,34,4
"717","Mayes County",365,351,14,0,0,0,0,100,46,32,0,0,296,69,0,0
"718","Muskogee County",286,269,15,1,1,0,0,169,35,5,0,0,0,152,0,134
"719","Nowata County",365,287,77,1,0,0,0,118,56,41,0,0,229,0,136,0
"720","Oklahoma County",365,227,137,1,0,0,0,119,70,46,0,5,204,0,155,1
"721","Osage County",354,311,43,0,0,0,0,90,51,38,0,0,354,0,0,0
"722","Ottawa County",363,289,73,1,0,0,0,104,57,38,0,0,80,0,251,32
"723","Pittsburg County",365,272,91,2,0,0,0,105,59,43,0,0,238,0,127,0
"724","Sequoyah County",361,325,36,0,0,0,0,67,50,36,0,18,201,0,142,0
"725","Tulsa County",365,256,108,1,0,0,0,105,65,44,0,3,225,0,137,0
"726","Baker County",360,328,32,0,0,0,0,64,49,23,0,0,0,0,360,0
"727","Benton County",365,332,33,0,0,0,0,85,49,17,0,0,0,0,365,0
"728","Clackamas County",225,217,7,1,0,0,0,101,44,30,0,0,143,0,82,0
"729","Columbia County",363,355,8,0,0,0,0,84,38,24,0,0,141,0,222,0
"730","Coos County",107,106,1,0,0,0,0,58,35,19,0,0,0,0,107,0
"731","Crook County",365,296,68,1,0,0,0,103,59,23,0,0,0,0,365,0
"732","Deschutes County",365,341,19,4,1,0,0,153,43,20,0,0,0,0,365,0
"733","Douglas County",347,288,59,0,0,0,0,80,59,24,0,0,0,0,347,0
"734","Grant County",349,255,93,1,0,0,0,103,60,30,0,0,0,0,349,0
"735","Harney County",364,264,95,5,0,0,0,131,66,33,0,0,0,0,363,1
"736","Jackson County",365,295,63,3,4,0,0,180,61,36,0,0,141,0,224,0
"737","Jefferson County",365,291,72,2,0,0,0,122,61,22,0,0,0,0,365,0
"738","Josephine County",365,283,77,3,2,0,0,169,64,26,0,0,0,0,365,0
"739","Klamath County",365,261,98,6,0,0,0,126,75,29,0,0,0,0,361,4
"740","Lake County",363,311,51,1,0,0,0,106,56,19,0,0,0,0,363,0
"741","Lane County",365,254,103,8,0,0,0,117,75,38,0,0,107,0,248,10
"742","Linn County",365,280,83,2,0,0,0,104,62,28,0,0,0,0,365,0
"743","Marion County",356,302,54,0,0,0,0,92,59,32,0,0,138,0,218,0
"744","Multnomah County",365,321,44,0,0,0,0,89,52,34,0,11,228,0,126,0
"745","Umatilla County",365,296,68,1,0,0,0,104,58,37,0,0,150,0,215,0
"746","Union County",365,344,21,0,0,0,0,86,43,20,0,0,0,0,362,3
"747","Wallowa County",363,333,29,1,0,0,0,103,48,22,0,0,0,0,363,0
"748","Wasco County",350,298,52,0,0,0,0,88,57,23,0,0,0,0,350,0
"749","Washington County",365,310,54,1,0,0,0,102,57,32,0,13,165,0,186,1
"750","Adams County",365,288,77,0,0,0,0,85,59,42,0,0,266,0,99,0
"751","Allegheny County",365,138,212,11,4,0,0,161,81,55,0,0,98,24,243,0
"752","Armstrong County",365,323,42,0,0,0,0,71,51,37,0,0,246,0,119,0
"753","Beaver County",365,248,116,1,0,0,0,132,64,45,0,0,231,0,134,0
"754","Berks County",365,279,80,5,1,0,0,165,63,42,0,0,242,0,123,0
"755","Blair County",354,281,73,0,0,0,0,92,60,41,0,0,211,2,141,0
"756","Bradford County",352,314,38,0,0,0,0,75,52,36,0,0,242,0,110,0
"757","Bucks County",357,318,36,3,0,0,0,136,54,35,0,0,357,0,0,0
"758","Cambria County",365,296,69,0,0,0,0,88,57,39,2,4,189,0,170,0
"759","Centre County",365,267,98,0,0,0,0,99,62,44,0,0,203,0,162,0
"760","Chester County",364,266,96,2,0,0,0,115,64,43,0,0,257,0,107,0
"761","Clearfield County",359,357,2,0,0,0,0,61,44,33,0,0,359,0,0,0
"762","Cumberland County",365,268,92,5,0,0,0,150,64,38,0,0,0,0,365,0
"763","Dauphin County",365,286,75,3,1,0,0,158,64,41,0,0,237,0,127,1
"764","Delaware County",365,240,118,7,0,0,0,133,71,44,0,6,208,0,151,0
"765","Elk County",357,345,12,0,0,0,0,80,46,35,0,0,357,0,0,0
"766","Erie County",364,322,42,0,0,0,0,93,51,36,2,7,245,0,110,0
"767","Fayette County",360,313,47,0,0,0,0,72,54,39,0,0,271,0,89,0
"768","Franklin County",341,324,17,0,0,0,0,80,48,36,0,0,341,0,0,0
"769","Greene County",349,329,20,0,0,0,0,71,48,35,0,0,257,0,92,0
"770","Indiana County",364,337,27,0,0,0,0,93,49,38,0,0,348,16,0,0
"771","Lackawanna County",365,333,32,0,0,0,0,80,49,37,0,22,290,0,53,0
"772","Lancaster County",365,238,117,9,1,0,0,157,72,45,0,0,198,0,167,0
"773","Lawrence County",361,356,5,0,0,0,0,74,43,31,0,0,361,0,0,0
"774","Lebanon County",360,278,78,4,0,0,0,142,62,42,0,0,219,0,141,0
"775","Lehigh County",360,293,64,3,0,0,0,119,61,38,0,0,247,0,111,2
"776","Luzerne County",361,350,11,0,0,0,0,77,45,34,0,0,351,1,0,9
"777","Lycoming County",361,340,21,0,0,0,0,74,46,35,0,0,299,0,62,0
"778","Mercer County",365,290,75,0,0,0,0,95,57,41,0,0,259,0,106,0
"779","Monroe County",349,340,9,0,0,0,0,80,45,34,0,0,349,0,0,0
"780","Montgomery County",362,302,59,1,0,0,0,129,58,35,0,0,238,0,124,0
"781","Northampton County",363,286,74,3,0,0,0,114,62,40,0,2,242,0,119,0
"782","Philadelphia County",365,244,115,6,0,0,0,140,71,44,0,30,206,0,129,0
"783","Somerset County",359,340,19,0,0,0,0,80,48,36,0,0,359,0,0,0
"784","Susquehanna County",352,328,24,0,0,0,0,76,46,24,0,0,0,0,352,0
"785","Tioga County",361,342,19,0,0,0,0,74,47,36,0,3,288,0,70,0
"786","Warren County",365,357,6,2,0,0,0,120,27,9,0,0,0,365,0,0
"787","Washington County",365,252,113,0,0,0,0,94,64,44,0,0,205,0,160,0
"788","Westmoreland County",354,319,35,0,0,0,0,93,50,38,0,0,278,0,76,0
"789","Wyoming County",27,19,8,0,0,0,0,85,63,29,0,0,0,0,27,0
"790","York County",365,299,66,0,0,0,0,93,56,41,0,21,232,1,111,0
"791","Kent County",351,328,23,0,0,0,0,93,48,32,0,0,201,0,150,0
"792","Providence County",365,298,67,0,0,0,0,90,58,43,0,13,248,0,103,1
"793","Washington County",352,322,28,2,0,0,0,126,49,36,0,0,208,0,144,0
"794","Aiken County",265,230,35,0,0,0,0,97,58,39,0,0,265,0,0,0
"795","Anderson County",225,175,49,1,0,0,0,108,67,43,0,0,225,0,0,0
"796","Berkeley County",216,189,27,0,0,0,0,100,54,36,0,0,216,0,0,0
"797","Charleston County",357,305,51,1,0,0,0,140,52,37,0,0,223,0,133,1
"798","Chesterfield County",364,281,83,0,0,0,0,90,61,39,0,0,265,0,99,0
"799","Colleton County",7,7,0,0,0,0,0,32,32,29,0,0,5,0,2,0
"800","Darlington County",282,227,55,0,0,0,0,100,61,41,0,0,282,0,0,0
"801","Edgefield County",365,299,66,0,0,0,0,88,58,39,0,0,227,0,138,0
"802","Florence County",361,323,38,0,0,0,0,70,51,30,0,0,0,0,361,0
"803","Georgetown County",92,91,1,0,0,0,0,52,25,14,0,0,0,0,0,92
"804","Greenville County",365,237,127,1,0,0,0,101,67,45,0,3,234,0,127,1
"805","Horry County",261,205,56,0,0,0,0,97,64,41,0,0,261,0,0,0
"806","Lexington County",365,309,56,0,0,0,0,66,53,33,0,0,0,0,359,6
"807","Oconee County",365,308,56,1,0,0,0,105,54,41,0,0,272,50,43,0
"808","Pickens County",251,175,76,0,0,0,0,93,71,45,0,0,251,0,0,0
"809","Richland County",365,282,81,2,0,0,0,136,65,42,0,0,283,0,82,0
"810","Spartanburg County",357,249,106,2,0,0,0,105,65,44,0,0,221,0,136,0
"811","York County",365,262,95,8,0,0,0,133,68,44,0,0,250,0,115,0
"812","Brookings County",365,284,76,5,0,0,0,126,64,42,0,0,329,0,23,13
"813","Brown County",122,112,10,0,0,0,0,77,42,20,0,0,0,0,111,11
"814","Codington County",361,325,36,0,0,0,0,83,50,25,0,0,0,0,278,83
"815","Custer County",362,355,7,0,0,0,0,84,48,39,0,0,356,0,5,1
"816","Hughes County",356,350,6,0,0,0,0,65,28,11,0,0,0,0,356,0
"817","Jackson County",365,349,16,0,0,0,0,61,48,38,0,2,350,0,13,0
"818","Meade County",365,358,7,0,0,0,0,80,44,36,0,0,361,0,0,4
"819","Minnehaha County",365,321,43,1,0,0,0,105,52,36,0,9,307,0,47,2
"820","Pennington County",361,278,79,4,0,0,0,117,61,30,0,20,0,0,115,226
"821","Union County",364,327,37,0,0,0,0,97,51,35,0,2,267,0,82,13
"822","Anderson County",365,308,55,2,0,0,0,105,61,35,0,0,234,131,0,0
"823","Blount County",365,305,59,1,0,0,0,101,54,41,0,0,310,0,55,0
"824","Claiborne County",346,325,21,0,0,0,0,80,47,35,0,0,346,0,0,0
"825","Davidson County",365,248,116,1,0,0,0,101,62,45,0,26,132,0,207,0
"826","DeKalb County",363,335,28,0,0,0,0,80,49,37,0,0,363,0,0,0
"827","Dyer County",360,341,19,0,0,0,0,62,45,26,0,0,0,0,360,0
"828","Hamilton County",365,243,122,0,0,0,0,97,64,45,0,0,191,0,174,0
"829","Jefferson County",234,197,37,0,0,0,0,93,58,44,0,0,234,0,0,0
"830","Knox County",364,269,95,0,0,0,0,84,59,42,0,0,180,0,180,4
"831","Lawrence County",330,306,24,0,0,0,0,62,47,27,0,0,0,0,330,0
"832","Loudon County",365,313,52,0,0,0,0,93,54,37,0,0,151,0,214,0
"833","Madison County",362,330,32,0,0,0,0,60,49,27,0,0,0,0,362,0
"834","Maury County",362,352,10,0,0,0,0,61,42,23,0,0,0,0,362,0
"835","McMinn County",357,316,41,0,0,0,0,65,51,30,0,0,0,0,357,0
"836","Montgomery County",362,339,23,0,0,0,0,63,46,26,0,0,0,0,362,0
"837","Putnam County",360,351,9,0,0,0,0,63,45,25,0,0,0,0,360,0
"838","Roane County",356,338,18,0,0,0,0,71,46,28,0,0,0,0,356,0
"839","Sevier County",364,287,77,0,0,0,0,90,61,44,0,0,364,0,0,0
"840","Shelby County",365,239,122,4,0,0,0,148,64,44,0,7,200,0,157,1
"841","Sullivan County",365,237,107,21,0,0,0,121,77,45,0,0,159,129,77,0
"842","Sumner County",357,284,73,0,0,0,0,93,60,40,0,0,200,0,157,0
"843","Williamson County",245,215,30,0,0,0,0,84,51,42,0,0,245,0,0,0
"844","Wilson County",231,205,26,0,0,0,0,80,51,40,0,0,231,0,0,0
"845","Bell County",365,284,79,2,0,0,0,105,58,42,0,1,265,0,99,0
"846","Bexar County",365,196,163,5,1,0,0,169,71,49,0,3,161,0,200,1
"847","Bowie County",349,254,94,1,0,0,0,109,58,39,0,0,0,0,349,0
"848","Brazoria County",365,325,33,6,1,0,0,161,51,33,0,5,360,0,0,0
"849","Brewster County",362,310,52,0,0,0,0,93,54,40,0,0,308,0,54,0
"850","Cameron County",365,236,129,0,0,0,0,89,62,44,0,0,128,0,237,0
"851","Collin County",365,309,48,7,1,0,0,156,58,40,0,0,365,0,0,0
"852","Culberson County",176,158,16,2,0,0,0,108,51,34,0,0,103,0,73,0
"853","Dallas County",365,227,132,6,0,0,0,143,72,45,0,20,199,0,146,0
"854","Denton County",365,280,73,12,0,0,0,133,67,43,0,6,287,0,72,0
"855","Ector County",354,319,35,0,0,0,0,80,50,28,0,0,0,0,354,0
"856","El Paso County",365,147,205,11,2,0,0,157,84,53,0,21,204,0,137,3
"857","Ellis County",365,300,65,0,0,0,0,97,56,40,0,6,269,0,90,0
"858","Freestone County",357,357,0,0,0,0,0,31,1,0,0,0,0,357,0,0
"859","Galveston County",365,293,64,8,0,0,0,136,61,39,0,3,261,3,97,1
"860","Gregg County",362,322,39,1,0,0,0,112,51,35,0,2,343,17,0,0
"861","Harris County",365,179,159,22,4,1,0,202,93,51,0,22,154,2,184,3
"862","Harrison County",364,296,67,1,0,0,0,113,54,38,0,0,202,35,127,0
"863","Hidalgo County",365,243,120,2,0,0,0,106,66,42,0,0,132,0,232,1
"864","Hood County",357,325,31,1,0,0,0,133,50,35,0,0,357,0,0,0
"865","Howard County",334,294,36,4,0,0,0,115,54,11,0,0,0,334,0,0
"866","Hunt County",364,345,19,0,0,0,0,97,47,35,0,3,361,0,0,0
"867","Hutchinson County",359,221,57,79,2,0,0,162,117,19,0,0,0,359,0,0
"868","Jefferson County",365,249,109,6,1,0,0,174,65,43,0,0,202,15,148,0
"869","Johnson County",352,298,47,7,0,0,0,143,61,38,0,0,352,0,0,0
"870","Kaufman County",365,320,45,0,0,0,0,93,52,39,0,1,288,0,76,0
"871","Kleberg County",284,234,50,0,0,0,0,87,56,30,0,0,0,0,284,0
"872","Lubbock County",330,316,13,1,0,0,0,103,42,25,0,0,0,0,330,0
"873","Maverick County",339,287,51,1,0,0,0,104,54,25,0,0,0,0,339,0
"874","McLennan County",365,329,36,0,0,0,0,87,50,38,1,0,321,0,43,0
"875","Milam County",338,338,0,0,0,0,0,4,1,0,0,0,0,338,0,0
"876","Montgomery County",365,306,54,5,0,0,0,143,58,38,0,2,284,0,79,0
"877","Navarro County",365,275,80,7,3,0,0,193,67,41,0,2,225,67,71,0
"878","Nueces County",365,262,102,1,0,0,0,107,62,42,0,0,171,1,193,0
"879","Orange County",365,288,75,2,0,0,0,111,59,39,0,0,195,20,150,0
"880","Parker County",363,317,46,0,0,0,0,100,54,37,0,0,363,0,0,0
"881","Polk County",344,334,10,0,0,0,0,74,44,31,0,0,344,0,0,0
"882","Potter County",365,322,35,8,0,0,0,119,55,22,0,0,0,110,255,0
"883","Randall County",354,280,72,2,0,0,0,112,61,41,0,0,354,0,0,0
"884","Robertson County",352,352,0,0,0,0,0,17,1,0,0,0,0,352,0,0
"885","Rockwall County",323,305,16,2,0,0,0,105,47,34,0,0,323,0,0,0
"886","Rusk County",358,316,34,8,0,0,0,129,57,9,0,0,0,358,0,0
"887","Smith County",364,326,37,1,0,0,0,133,51,36,0,4,360,0,0,0
"888","Tarrant County",365,234,117,14,0,0,0,147,74,44,0,16,216,0,133,0
"889","Titus County",348,346,2,0,0,0,0,54,11,0,0,0,0,348,0,0
"890","Travis County",365,249,114,2,0,0,0,115,63,44,0,7,178,0,180,0
"891","Victoria County",341,319,22,0,0,0,0,87,48,31,0,0,341,0,0,0
"892","Webb County",365,258,106,1,0,0,0,109,67,41,0,0,138,0,225,2
"893","Box Elder County",364,313,49,2,0,0,0,121,54,40,0,66,275,0,23,0
"894","Cache County",365,272,79,14,0,0,0,147,67,44,0,1,289,0,75,0
"895","Carbon County",365,265,99,1,0,0,0,108,64,46,0,4,361,0,0,0
"896","Davis County",365,265,94,6,0,0,0,119,73,44,0,41,270,0,54,0
"897","Duchesne County",365,234,120,7,4,0,0,177,71,48,0,0,332,0,33,0
"898","Garfield County",299,258,41,0,0,0,0,80,51,41,0,0,268,0,31,0
"899","Iron County",365,329,36,0,0,0,0,84,50,42,0,20,323,0,22,0
"900","Salt Lake County",365,172,177,16,0,0,0,136,88,51,0,35,243,0,82,5
"901","San Juan County",362,299,63,0,0,0,0,93,58,44,0,0,362,0,0,0
"902","Tooele County",365,302,61,2,0,0,0,117,61,43,0,1,312,0,52,0
"903","Uintah County",365,223,125,12,4,1,0,205,77,49,0,0,343,0,22,0
"904","Utah County",365,253,111,1,0,0,0,107,67,46,0,7,297,0,59,2
"905","Washington County",365,291,74,0,0,0,0,93,61,44,0,0,355,0,10,0
"906","Wayne County",109,109,0,0,0,0,0,20,16,9,0,0,0,0,109,0
"907","Weber County",308,243,63,2,0,0,0,108,64,42,0,35,214,0,59,0
"908","Bennington County",365,345,20,0,0,0,0,94,46,35,0,0,312,0,53,0
"909","Chittenden County",365,335,30,0,0,0,0,80,49,37,0,0,283,0,82,0
"910","Rutland County",365,322,43,0,0,0,0,88,53,36,0,1,237,0,126,1
"911","Windham County",104,104,0,0,0,0,0,40,20,8,0,0,0,0,104,0
"912","Albemarle County",282,264,18,0,0,0,0,67,48,40,0,0,233,0,49,0
"913","Alexandria City",109,109,0,0,0,0,0,16,8,5,0,0,0,0,0,109
"914","Arlington County",365,305,59,1,0,0,0,112,60,38,1,98,228,0,38,0
"915","Botetourt County",355,353,2,0,0,0,0,71,16,0,0,0,0,355,0,0
"916","Bristol City",117,113,4,0,0,0,0,68,45,26,0,0,0,0,117,0
"917","Caroline County",239,229,10,0,0,0,0,84,48,39,0,0,239,0,0,0
"918","Carroll County",61,61,0,0,0,0,0,18,15,9,0,0,0,0,0,61
"919","Charles County",356,337,19,0,0,0,0,90,47,34,0,89,218,2,47,0
"920","Chesterfield County",280,255,25,0,0,0,0,87,50,39,0,0,235,0,45,0
"921","Covington City",364,357,5,2,0,0,0,121,29,7,0,0,0,364,0,0
"922","Fairfax County",365,260,103,2,0,0,0,105,61,44,0,38,167,0,160,0
"923","Fauquier County",233,229,4,0,0,0,0,64,45,37,0,0,233,0,0,0
"924","Frederick County",365,333,32,0,0,0,0,96,49,38,0,0,203,0,162,0
"925","Giles County",365,306,55,4,0,0,0,134,59,41,0,0,296,69,0,0
"926","Hampton City",364,326,38,0,0,0,0,84,51,39,1,6,223,0,134,0
"927","Hanover County",243,216,27,0,0,0,0,90,54,41,0,0,243,0,0,0
"928","Henrico County",363,329,34,0,0,0,0,100,50,37,4,17,302,0,40,0
"929","Hopewell City",57,57,0,0,0,0,0,19,15,8,0,0,0,0,0,57
"930","Loudoun County",337,298,38,1,0,0,0,112,53,37,0,78,211,0,48,0
"931","Lynchburg City",108,107,1,0,0,0,0,55,43,26,0,0,0,0,108,0
"932","Madison County",362,336,26,0,0,0,0,67,50,41,0,0,352,0,10,0
"933","Norfolk City",364,357,7,0,0,0,0,69,36,18,12,250,0,0,101,1
"934","Prince Edward County",358,351,7,0,0,0,0,67,44,35,0,0,358,0,0,0
"935","Prince William County",364,347,17,0,0,0,0,100,48,36,0,119,245,0,0,0
"936","Richmond City",362,311,51,0,0,0,0,95,53,33,2,89,0,0,271,0
"937","Roanoke County",365,329,36,0,0,0,0,71,50,37,0,57,203,0,105,0
"938","Rockbridge County",274,263,11,0,0,0,0,71,46,38,0,0,234,0,40,0
"939","Rockingham County",365,349,16,0,0,0,0,65,48,36,0,94,227,0,44,0
"940","Salem City",118,113,5,0,0,0,0,60,45,26,0,0,0,0,118,0
"941","Stafford County",260,244,16,0,0,0,0,93,49,39,0,0,240,0,0,20
"942","Suffolk City",245,223,22,0,0,0,0,97,50,41,0,0,245,0,0,0
"943","Virginia Beach City",115,106,9,0,0,0,0,66,48,25,0,0,0,0,115,0
"944","Winchester City",57,57,0,0,0,0,0,24,14,8,0,0,0,0,0,57
"945","Wythe County",242,232,10,0,0,0,0,71,48,41,0,0,242,0,0,0
"946","Adams County",360,354,6,0,0,0,0,88,31,13,0,0,0,0,360,0
"947","Asotin County",357,292,64,1,0,0,0,125,60,27,0,0,0,0,357,0
"948","Benton County",364,303,61,0,0,0,0,80,55,37,0,0,158,0,191,15
"949","Chelan County",365,298,66,1,0,0,0,102,56,24,0,0,0,0,365,0
"950","Clallam County",365,341,24,0,0,0,0,70,49,34,0,0,238,0,127,0
"951","Clark County",364,305,58,1,0,0,0,128,58,31,0,0,145,0,219,0
"952","Columbia County",365,340,25,0,0,0,0,68,42,17,0,0,0,0,365,0
"953","Cowlitz County",360,338,22,0,0,0,0,76,45,18,0,0,0,0,360,0
"954","Franklin County",333,314,19,0,0,0,0,71,43,16,0,0,0,0,333,0
"955","Garfield County",358,350,8,0,0,0,0,62,36,17,0,0,0,0,358,0
"956","Grant County",365,339,26,0,0,0,0,67,45,18,0,0,0,0,365,0
"957","Grays Harbor County",352,348,4,0,0,0,0,57,35,20,0,0,0,0,352,0
"958","Jefferson County",365,364,1,0,0,0,0,51,32,19,0,0,0,0,365,0
"959","King County",365,280,85,0,0,0,0,90,60,40,0,65,110,0,190,0
"960","Kitsap County",340,338,2,0,0,0,0,75,35,18,0,0,0,0,340,0
"961","Kittitas County",365,305,60,0,0,0,0,96,56,23,0,0,0,0,365,0
"962","Klickitat County",365,339,26,0,0,0,0,96,45,20,0,0,0,0,365,0
"963","Lewis County",365,343,22,0,0,0,0,62,45,20,0,0,0,0,365,0
"964","Mason County",361,339,22,0,0,0,0,71,43,21,0,0,0,0,361,0
"965","Okanogan County",365,260,105,0,0,0,0,90,64,31,0,0,0,0,365,0
"966","Pierce County",365,285,78,2,0,0,0,142,63,41,0,14,205,0,146,0
"967","San Juan County",112,112,0,0,0,0,0,39,23,16,0,0,0,0,112,0
"968","Skagit County",365,361,4,0,0,0,0,54,36,24,0,0,97,0,268,0
"969","Snohomish County",364,272,91,1,0,0,0,114,67,30,0,0,0,0,364,0
"970","Spokane County",365,301,63,1,0,0,0,107,59,37,0,0,143,0,197,25
"971","Stevens County",365,274,90,1,0,0,0,146,63,28,0,0,0,0,284,81
"972","Thurston County",365,323,42,0,0,0,0,71,52,30,0,0,150,0,215,0
"973","Walla Walla County",365,328,37,0,0,0,0,93,51,21,0,0,0,0,182,183
"974","Whatcom County",365,277,78,10,0,0,0,122,70,34,0,0,55,171,139,0
"975","Whitman County",365,354,11,0,0,0,0,67,38,18,0,0,0,0,365,0
"976","Yakima County",365,227,128,10,0,0,0,127,76,38,0,0,0,0,363,2
"977","Berkeley County",278,252,24,2,0,0,0,127,50,40,0,0,224,0,54,0
"978","Brooke County",365,317,45,3,0,0,0,112,53,24,0,0,0,149,114,102
"979","Cabell County",275,255,20,0,0,0,0,71,49,39,0,0,216,0,59,0
"980","Gilmer County",336,333,3,0,0,0,0,58,44,32,0,0,336,0,0,0
"981","Greenbrier County",242,222,20,0,0,0,0,84,50,42,0,0,242,0,0,0
"982","Hancock County",365,330,35,0,0,0,0,93,50,37,0,0,228,82,33,22
"983","Harrison County",111,101,10,0,0,0,0,59,49,31,0,0,0,0,111,0
"984","Kanawha County",365,314,51,0,0,0,0,93,54,40,18,0,240,3,104,0
"985","Marion County",99,87,12,0,0,0,0,61,54,31,0,0,0,0,99,0
"986","Marshall County",354,326,28,0,0,0,0,77,45,7,0,0,0,236,118,0
"987","Mason County",360,352,6,2,0,0,0,105,26,3,0,0,0,360,0,0
"988","Mineral County",344,321,10,12,1,0,0,161,31,3,0,0,0,344,0,0
"989","Monongalia County",364,337,27,0,0,0,0,74,49,36,0,0,226,87,51,0
"990","Ohio County",283,249,34,0,0,0,0,71,52,41,0,0,230,0,53,0
"991","Tucker County",362,349,13,0,0,0,0,61,47,35,0,0,355,0,7,0
"992","Wood County",364,333,31,0,0,0,0,87,49,35,0,0,226,88,50,0
"993","Ashland County",364,343,21,0,0,0,0,78,47,34,0,0,313,0,51,0
"994","Brown County",365,314,51,0,0,0,0,97,52,35,0,0,168,4,193,0
"995","Columbia County",192,184,8,0,0,0,0,71,46,37,0,0,192,0,0,0
"996","Dane County",365,287,78,0,0,0,0,93,61,38,0,0,161,0,204,0
"997","Dodge County",365,297,67,1,0,0,0,122,57,40,0,0,260,0,105,0
"998","Door County",201,191,9,1,0,0,0,112,47,35,0,0,201,0,0,0
"999","Eau Claire County",363,305,58,0,0,0,0,90,55,34,0,0,167,0,196,0
"1000","Fond du Lac County",202,195,7,0,0,0,0,100,47,36,0,0,202,0,0,0
"1001","Forest County",363,338,25,0,0,0,0,97,48,35,0,0,296,0,67,0
"1002","Grant County",365,304,60,1,0,0,0,104,57,29,0,0,0,0,365,0
"1003","Jefferson County",203,191,12,0,0,0,0,100,48,37,0,0,203,0,0,0
"1004","Kenosha County",365,289,74,2,0,0,0,119,63,40,0,0,220,0,145,0
"1005","Kewaunee County",210,199,11,0,0,0,0,90,45,36,0,0,210,0,0,0
"1006","La Crosse County",365,310,55,0,0,0,0,83,57,35,0,0,186,0,179,0
"1007","Manitowoc County",202,187,15,0,0,0,0,100,48,36,0,0,202,0,0,0
"1008","Marathon County",205,196,9,0,0,0,0,84,47,34,0,0,205,0,0,0
"1009","Milwaukee County",365,269,93,3,0,0,0,105,64,42,0,11,193,0,154,7
"1010","Oneida County",365,363,2,0,0,0,0,52,7,0,0,0,0,365,0,0
"1011","Outagamie County",365,304,59,2,0,0,0,119,58,37,0,0,172,8,185,0
"1012","Ozaukee County",363,308,52,3,0,0,0,108,58,37,0,0,201,0,162,0
"1013","Racine County",203,174,28,1,0,0,0,115,58,39,0,0,203,0,0,0
"1014","Rock County",203,185,18,0,0,0,0,77,50,38,0,0,203,0,0,0
"1015","Sauk County",365,311,53,1,0,0,0,107,54,35,0,0,175,0,190,0
"1016","Sheboygan County",206,180,24,2,0,0,0,108,61,38,0,0,206,0,0,0
"1017","Taylor County",365,320,45,0,0,0,0,85,52,35,0,0,277,0,88,0
"1018","Vilas County",362,345,17,0,0,0,0,90,45,29,0,0,177,0,185,0
"1019","Walworth County",205,189,15,1,0,0,0,112,49,37,0,0,205,0,0,0
"1020","Waukesha County",365,281,83,1,0,0,0,115,60,40,0,0,154,0,210,1
"1021","Albany County",365,247,118,0,0,0,0,90,61,47,0,0,328,0,2,35
"1022","Big Horn County",356,344,12,0,0,0,0,77,46,36,0,0,356,0,0,0
"1023","Campbell County",365,309,55,1,0,0,0,111,56,40,0,1,228,0,5,131
"1024","Carbon County",365,325,38,2,0,0,0,139,51,43,0,8,347,10,0,0
"1025","Converse County",365,317,47,1,0,0,0,101,52,41,0,3,319,1,3,39
"1026","Fremont County",365,294,69,2,0,0,0,148,61,45,0,0,321,22,22,0
"1027","Johnson County",364,345,19,0,0,0,0,80,49,40,0,1,356,0,0,7
"1028","Laramie County",365,305,60,0,0,0,0,74,58,43,0,4,334,0,11,16
"1029","Lincoln County",365,364,1,0,0,0,0,56,27,12,0,0,0,0,0,365
"1030","Natrona County",364,327,37,0,0,0,0,84,51,42,0,1,358,2,3,0
"1031","Park County",307,295,12,0,0,0,0,77,47,38,0,3,268,0,30,6
"1032","Platte County",60,56,3,1,0,0,0,108,37,14,0,0,0,0,0,60
"1033","Sheridan County",365,325,40,0,0,0,0,90,51,39,0,0,305,0,32,28
"1034","Sublette County",365,266,88,8,3,0,0,200,71,46,0,0,363,0,2,0
"1035","Sweetwater County",365,262,100,3,0,0,0,133,64,46,0,4,321,0,5,35
"1036","Teton County",365,326,39,0,0,0,0,87,51,43,0,0,359,0,4,2
"1037","Uinta County",365,315,49,1,0,0,0,101,58,44,0,1,360,0,0,4
"1038","Weston County",365,340,25,0,0,0,0,71,49,40,0,0,360,5,0,0
